Date,Discharge,Dayl,Prcp,Srad,Swe,Tmax,Tmin,Vp
2000-01-01,2.0,33523.2,0.0,275.2,0.0,12.5,-2.0,520.0
2000-01-02,1.9,33523.2,0.0,277.75,0.0,18.0,2.52,721.91
2000-01-03,1.9,33523.2,0.0,188.6,0.0,19.5,10.0,1240.0
2000-01-04,2.1,33868.8,0.0,167.97,0.0,19.75,11.5,1360.0
2000-01-05,2.5,33868.8,19.0,188.8,0.0,16.75,1.5,680.0
2000-01-06,2.4,33868.8,0.0,240.0,0.0,8.5,-4.0,440.0
2000-01-07,2.2,33868.8,0.0,246.1,0.0,11.5,-1.95,523.73
2000-01-08,2.0,33868.8,0.0,249.6,0.0,9.5,-4.0,440.0
2000-01-09,1.9,33868.8,1.0,203.6,0.0,9.5,0.09,607.53
2000-01-10,1.9,34191.29,6.91,140.24,0.0,14.0,5.5,920.0
2000-01-11,2.4,34214.4,0.0,208.28,0.0,15.5,5.48,918.23
2000-01-12,2.3,34214.4,0.0,233.6,0.0,11.5,0.0,600.0
2000-01-13,2.1,34214.4,0.0,262.38,0.0,13.5,-1.0,560.0
2000-01-14,2.0,34214.4,0.0,243.2,0.0,4.5,-7.0,360.0
2000-01-15,2.0,34560.0,0.0,219.29,0.0,1.0,-8.5,320.0
2000-01-16,1.9,34560.0,0.0,273.1,0.0,10.5,-4.26,440.0
2000-01-17,1.8,34560.0,0.0,291.2,0.0,8.5,-9.5,280.0
2000-01-18,1.9,34560.0,0.0,188.8,0.0,-5.0,-12.5,240.0
2000-01-19,1.9,34905.6,0.0,253.4,0.0,0.5,-11.0,280.0
2000-01-20,2.0,34905.6,5.0,121.42,0.0,1.5,-4.74,440.0
2000-01-21,1.9,34905.6,4.0,185.6,0.0,-0.5,-9.5,280.0
2000-01-22,1.9,34905.6,0.0,192.15,0.0,-4.5,-11.0,280.0
2000-01-23,1.8,35251.2,0.0,174.74,0.0,-2.18,-8.0,320.0
2000-01-24,1.9,35251.2,0.0,179.2,0.0,2.0,-4.0,440.0
2000-01-25,2.0,35251.2,23.22,134.4,0.0,2.5,-3.5,480.0
2000-01-26,1.8,35596.8,7.81,137.6,0.0,-0.5,-6.5,360.0
2000-01-27,1.8,35596.8,0.0,201.6,0.0,-2.0,-8.5,320.0
2000-01-28,1.9,35596.8,0.0,262.4,0.0,-3.0,-12.0,240.0
2000-01-29,2.0,35919.29,0.0,316.6,0.0,0.0,-12.0,240.0
2000-01-30,2.1,35942.4,12.02,262.4,0.0,1.5,-13.0,240.0
2000-01-31,2.3,35942.4,24.0,189.75,0.0,4.22,-4.0,440.0
2000-02-01,2.6,36264.89,0.0,278.4,0.0,2.5,-6.5,360.0
2000-02-02,2.5,36288.0,0.0,248.87,0.0,2.0,-5.6,400.0
2000-02-03,2.4,36288.0,0.0,339.04,0.0,3.0,-9.24,301.03
2000-02-04,2.4,36633.6,0.0,297.46,0.0,5.0,-4.5,440.0
2000-02-05,2.3,36633.6,0.0,198.2,0.0,3.5,-2.0,520.0
2000-02-06,2.4,36633.6,0.0,233.6,0.0,3.5,-3.0,480.0
2000-02-07,2.4,36979.2,0.0,322.8,0.0,7.0,-3.0,480.0
2000-02-08,2.6,36979.2,0.0,355.2,0.0,7.0,-5.0,440.0
2000-02-09,2.7,36979.2,0.0,388.83,0.0,7.75,-7.5,360.0
2000-02-10,3.4,37324.8,0.0,390.96,0.0,12.0,-4.0,440.0
2000-02-11,4.1,37324.8,0.0,364.8,0.0,13.0,0.0,600.0
2000-02-12,3.7,37670.4,0.0,381.3,0.0,10.41,-3.5,480.0
2000-02-13,3.3,37670.4,0.0,313.6,0.0,2.0,-7.0,360.0
2000-02-14,4.4,37670.4,6.0,299.26,0.0,15.0,-0.78,577.47
2000-02-15,3.7,38016.0,0.0,374.68,0.0,13.5,0.48,638.23
2000-02-16,3.5,38016.0,0.0,403.06,0.0,12.5,-2.5,520.0
2000-02-17,3.3,38361.6,0.0,399.69,0.0,13.47,-1.48,560.0
2000-02-18,5.0,38361.6,12.92,212.04,0.0,5.5,-2.18,520.0
2000-02-19,6.8,38361.6,18.0,195.2,0.0,9.5,1.5,680.0
2000-02-20,4.7,38707.2,0.0,275.56,0.0,9.0,0.5,640.0
2000-02-21,4.2,38707.2,0.0,318.27,0.0,8.41,-2.0,520.0
2000-02-22,3.9,39052.8,0.0,358.4,0.0,9.5,-3.5,480.0
2000-02-23,3.9,39052.8,0.0,381.33,0.0,14.0,-2.0,520.0
2000-02-24,3.9,39052.8,0.0,379.28,0.0,18.5,2.12,720.0
2000-02-25,3.8,39398.4,0.0,345.32,0.0,22.48,8.5,1120.0
2000-02-26,3.7,39398.4,10.0,275.2,0.0,20.5,5.0,880.0
2000-02-27,3.7,39744.0,0.0,336.0,0.0,17.0,4.5,840.0
2000-02-28,4.0,39744.0,9.0,250.7,0.0,18.99,6.5,960.0
2000-02-29,3.8,40089.6,0.0,346.81,0.0,14.0,1.5,680.0
2000-03-01,3.7,40089.6,0.0,394.9,0.0,15.4,-1.0,560.0
2000-03-02,3.6,40412.09,0.0,319.52,0.0,14.5,3.5,800.0
2000-03-03,3.5,40435.2,0.0,279.8,0.0,11.0,2.0,720.0
2000-03-04,3.5,40435.2,0.0,371.2,0.0,12.0,-1.5,560.0
2000-03-05,3.4,40780.8,0.0,374.4,0.0,15.5,1.5,680.0
2000-03-06,3.3,40780.8,0.0,408.2,0.0,16.5,-0.6,592.27
2000-03-07,3.3,41126.4,0.0,412.8,0.0,16.0,-1.5,560.0
2000-03-08,3.3,41126.4,0.0,415.03,0.0,24.0,4.65,852.12
2000-03-09,3.3,41472.0,0.0,393.6,0.0,26.5,9.0,1160.0
2000-03-10,3.1,41472.0,0.0,320.0,0.0,23.5,11.5,1360.0
2000-03-11,3.3,41472.0,0.0,332.8,0.0,20.0,8.0,1080.0
2000-03-12,3.9,41817.6,9.0,256.59,0.0,18.75,6.5,960.0
2000-03-13,3.4,41817.6,0.0,328.14,0.0,10.0,-0.74,581.03
2000-03-14,3.3,42163.2,0.0,376.98,0.0,12.5,-0.79,577.01
2000-03-15,3.1,42163.2,0.0,393.88,0.0,17.5,2.98,758.23
2000-03-16,3.2,42508.8,0.0,345.1,0.0,20.5,8.5,1120.0
2000-03-17,4.6,42508.8,23.0,291.2,0.0,19.0,5.0,880.0
2000-03-18,3.6,42854.4,0.0,339.2,0.0,6.5,-4.0,440.0
2000-03-19,3.5,42854.4,0.0,288.0,0.0,7.0,-1.5,560.0
2000-03-20,3.5,43200.0,0.0,239.48,0.0,8.43,1.55,683.73
2000-03-21,17.0,43200.0,30.7,89.48,0.0,7.5,4.38,830.37
2000-03-22,43.0,43200.0,71.68,76.8,0.0,7.0,4.5,840.0
2000-03-23,11.0,43545.6,0.96,330.43,0.0,12.5,2.0,720.0
2000-03-24,8.7,43545.6,0.0,419.2,0.0,18.0,4.0,800.0
2000-03-25,7.9,43891.2,0.0,434.7,0.0,20.0,5.0,880.0
2000-03-26,7.4,43891.2,6.0,278.4,0.0,20.5,9.0,1160.0
2000-03-27,7.3,44236.8,0.0,467.15,0.0,19.49,2.5,720.0
2000-03-28,15.0,44236.8,24.0,300.66,0.0,19.0,6.5,960.0
2000-03-29,8.5,44582.41,3.95,262.4,0.0,15.5,5.5,920.0
2000-03-30,7.2,44582.41,0.0,454.26,0.0,16.5,1.5,680.0
2000-03-31,6.6,44928.0,0.0,457.46,0.0,16.5,1.5,680.0
2000-04-01,6.1,44928.0,0.0,470.1,0.0,17.0,1.02,641.9
2000-04-02,5.9,44928.0,0.0,371.42,0.0,19.0,7.99,1079.33
2000-04-03,5.9,45273.6,0.0,268.8,0.0,21.0,13.5,1560.0
2000-04-04,6.0,45273.6,4.0,240.82,0.0,21.02,12.0,1400.0
2000-04-05,5.7,45619.2,4.0,320.0,0.0,16.5,4.0,800.0
2000-04-06,5.5,45619.2,0.0,477.08,0.0,19.0,3.48,798.23
2000-04-07,5.2,45964.8,0.0,493.01,0.0,23.5,6.0,920.0
2000-04-08,5.2,45964.8,0.0,446.71,0.0,22.77,9.0,1160.0
2000-04-09,6.6,45987.9,17.0,393.74,0.0,20.5,0.48,638.23
2000-04-10,5.6,46310.4,0.24,428.14,0.0,15.0,3.0,760.0
2000-04-11,5.4,46310.4,0.0,425.88,0.0,17.55,5.5,920.0
2000-04-12,5.2,46656.0,1.0,348.66,0.0,16.0,7.0,1000.0
2000-04-13,4.9,46656.0,0.0,426.63,0.0,13.0,1.5,680.0
2000-04-14,4.9,47001.6,0.0,437.58,0.0,13.5,1.65,692.12
2000-04-15,5.9,47001.6,10.0,298.22,0.0,16.92,6.5,960.0
2000-04-16,7.3,47347.19,17.29,268.8,0.0,22.5,13.0,1480.0
2000-04-17,6.0,47347.19,0.0,444.88,0.0,22.3,9.5,1200.0
2000-04-18,7.5,47347.19,11.0,105.6,0.0,10.5,7.5,1040.0
2000-04-19,7.4,47692.8,5.04,166.4,0.0,11.5,6.5,960.0
2000-04-20,6.4,47692.8,0.0,444.8,0.0,16.5,4.5,840.0
2000-04-21,7.0,48038.39,0.0,409.6,0.0,19.0,8.0,1080.0
2000-04-22,9.0,48038.39,10.0,266.44,0.0,17.0,8.09,1087.39
2000-04-23,6.8,48038.39,0.0,280.91,0.0,13.0,6.5,960.0
2000-04-24,6.1,48384.0,0.0,413.09,0.0,17.0,6.5,960.0
2000-04-25,6.4,48384.0,8.0,300.8,0.0,17.0,7.0,1000.0
2000-04-26,6.4,48729.6,7.7,265.25,0.0,12.0,4.0,800.0
2000-04-27,5.9,48729.6,0.0,323.24,0.0,11.59,4.5,840.0
2000-04-28,5.8,48729.6,3.0,283.8,0.0,14.0,5.38,910.52
2000-04-29,5.6,49075.19,0.0,444.8,0.0,18.5,7.5,1040.0
2000-04-30,5.3,49075.19,0.0,456.67,0.0,20.0,8.5,1120.0
2000-05-01,5.1,49420.8,0.0,551.72,0.0,20.75,3.09,767.06
2000-05-02,5.0,49420.8,0.0,490.26,0.0,22.5,9.0,1160.0
2000-05-03,4.5,49420.8,0.0,534.4,0.0,22.0,5.5,920.0
2000-05-04,4.5,49766.39,0.0,502.7,0.0,22.52,8.0,1080.0
2000-05-05,4.5,49766.39,0.0,492.8,0.0,27.5,12.5,1440.0
2000-05-06,4.2,49766.39,0.0,443.21,0.0,30.5,17.5,2000.0
2000-05-07,4.1,50112.0,0.0,467.2,0.0,32.0,17.5,2000.0
2000-05-08,3.9,50112.0,0.0,445.27,0.0,32.5,19.04,2206.98
2000-05-09,3.8,50135.1,0.0,412.65,0.0,31.5,20.0,2320.0
2000-05-10,3.9,50457.6,0.0,406.1,0.0,30.5,19.5,2280.0
2000-05-11,3.9,50457.6,8.0,384.29,0.0,28.5,12.5,1440.0
2000-05-12,3.6,50480.71,0.0,460.8,0.0,28.0,15.0,1720.0
2000-05-13,3.7,50803.2,0.0,487.72,0.0,31.5,16.13,1821.56
2000-05-14,3.7,50803.2,12.0,339.92,0.0,27.37,14.8,1688.73
2000-05-15,3.4,50803.2,0.0,448.46,0.0,22.02,10.5,1280.0
2000-05-16,3.3,51148.8,0.0,525.15,0.0,21.5,6.0,920.0
2000-05-17,3.2,51148.8,1.0,458.52,0.0,23.0,10.79,1302.93
2000-05-18,3.2,51148.8,0.0,435.2,0.0,26.5,14.5,1640.0
2000-05-19,3.1,51494.39,0.0,400.21,0.0,27.5,16.5,1880.0
2000-05-20,3.2,51494.39,1.0,409.6,0.0,21.5,11.0,1320.0
2000-05-21,3.5,51494.39,8.0,165.38,0.0,16.47,11.5,1360.0
2000-05-22,5.4,51494.39,15.42,131.02,0.0,15.79,12.0,1400.0
2000-05-23,4.1,51840.0,24.98,182.68,0.0,18.0,12.5,1440.0
2000-05-24,3.8,51840.0,7.0,318.1,0.0,25.72,14.5,1640.0
2000-05-25,3.6,51840.0,7.18,320.0,0.0,27.0,15.5,1760.0
2000-05-26,3.3,51840.0,0.0,465.73,0.0,25.5,12.5,1440.0
2000-05-27,3.5,52185.61,0.19,426.82,0.0,24.0,12.5,1440.0
2000-05-28,3.8,52185.61,8.0,224.0,0.0,19.0,12.0,1400.0
2000-05-29,3.9,52185.61,7.0,198.4,0.0,17.5,11.5,1360.0
2000-05-30,3.3,52185.61,0.0,263.98,0.0,16.54,10.68,1294.21
2000-05-31,3.2,52208.71,0.0,369.88,0.0,19.0,10.51,1280.67
2000-06-01,3.1,52531.2,0.0,508.8,0.0,27.0,12.0,1399.99
2000-06-02,3.0,52531.2,0.0,496.0,0.0,32.0,16.5,1880.0
2000-06-03,2.9,52531.2,5.0,336.98,0.0,30.79,18.0,2080.0
2000-06-04,2.7,52531.2,0.0,493.39,0.0,24.5,11.0,1320.0
2000-06-05,2.7,52531.2,0.0,368.0,0.0,22.0,13.5,1560.0
2000-06-06,3.2,52531.2,10.0,195.2,0.0,19.5,14.0,1600.0
2000-06-07,2.8,52876.8,10.0,285.39,0.0,21.0,12.5,1440.0
2000-06-08,2.5,52876.8,0.0,477.68,0.0,26.0,13.5,1560.0
2000-06-09,2.4,52876.8,0.0,460.8,0.0,29.5,17.0,1920.0
2000-06-10,2.3,52876.8,0.0,459.06,0.0,32.0,19.09,2214.5
2000-06-11,2.3,52876.8,0.0,429.19,0.0,33.5,21.5,2560.33
2000-06-12,2.3,52876.8,0.0,440.53,0.0,34.0,21.5,2560.0
2000-06-13,2.5,52876.8,10.0,376.15,0.0,30.0,15.5,1760.0
2000-06-14,2.3,52876.8,1.0,220.8,0.0,20.0,15.5,1760.0
2000-06-15,2.3,52876.8,3.0,307.2,0.0,26.0,16.5,1880.0
2000-06-16,2.5,52876.8,11.7,339.2,0.0,31.0,19.0,2200.0
2000-06-17,2.1,52876.8,0.0,353.05,0.0,31.54,23.0,2800.0
2000-06-18,3.2,52876.8,15.42,287.85,0.0,32.0,22.5,2720.0
2000-06-19,2.5,52876.8,8.0,288.0,0.0,29.0,20.0,2320.0
2000-06-20,2.2,52876.8,0.0,493.49,0.0,27.0,14.0,1600.0
2000-06-21,2.1,52876.8,0.0,482.65,0.0,28.5,15.5,1760.0
2000-06-22,2.3,52876.8,8.0,291.08,0.0,29.0,19.38,2260.74
2000-06-23,2.1,52876.8,0.0,425.17,0.0,30.0,19.0,2200.0
2000-06-24,2.0,52876.8,0.0,468.7,0.0,30.5,17.5,2000.0
2000-06-25,2.0,52876.8,0.0,403.2,0.0,31.5,21.0,2480.0
2000-06-26,2.1,52876.8,5.05,289.5,0.0,32.0,22.0,2640.0
2000-06-27,2.2,52876.8,0.0,336.0,0.0,32.0,23.5,2880.0
2000-06-28,2.5,52876.8,19.1,284.51,0.0,30.0,20.5,2400.0
2000-06-29,2.5,52876.8,16.56,185.6,0.0,25.0,19.5,2280.0
2000-06-30,2.4,52876.8,8.0,307.21,0.0,26.0,16.0,1800.0
2000-07-01,2.1,52876.8,0.0,457.61,0.0,28.0,16.0,1800.0
2000-07-02,2.0,52876.8,0.0,492.73,0.0,30.0,16.0,1800.0
2000-07-03,1.9,52876.8,0.0,433.22,0.0,30.4,19.0,2200.0
2000-07-04,3.2,52876.8,11.0,284.8,0.0,30.5,21.0,2480.0
2000-07-05,2.3,52531.2,0.0,316.8,0.0,29.5,22.0,2640.0
2000-07-06,2.1,52531.2,0.0,441.6,0.0,29.0,17.5,2000.0
2000-07-07,2.0,52531.2,0.0,421.56,0.0,27.5,17.0,1920.0
2000-07-08,2.0,52531.2,0.0,502.98,0.0,26.5,12.64,1450.9
2000-07-09,1.9,52531.2,0.0,479.21,0.0,28.0,15.0,1720.0
2000-07-10,1.9,52531.2,0.0,386.36,0.0,31.5,21.5,2560.0
2000-07-11,1.9,52185.61,6.7,313.6,0.0,31.0,20.0,2320.0
2000-07-12,1.8,52185.61,0.0,438.56,0.0,27.01,16.0,1800.0
2000-07-13,1.7,52185.61,0.0,469.56,0.0,28.5,16.0,1800.0
2000-07-14,3.1,52185.61,0.0,416.0,0.0,28.0,17.5,2000.0
2000-07-15,8.8,52185.61,63.42,264.12,0.0,25.69,17.5,2000.0
2000-07-16,3.4,51840.0,4.0,299.91,0.0,26.5,16.88,1910.37
2000-07-17,2.7,51840.0,0.0,417.03,0.0,28.0,17.5,2000.0
2000-07-18,2.4,51840.0,0.0,429.09,0.0,30.5,19.0,2200.0
2000-07-19,2.5,51840.0,4.0,315.0,0.0,29.5,18.5,2120.0
2000-07-20,3.6,51494.39,27.61,274.79,0.0,25.0,16.5,1880.0
2000-07-21,2.6,51494.39,0.0,408.83,0.0,27.0,17.0,1920.0
2000-07-22,2.3,51494.39,0.0,389.46,0.0,28.09,18.5,2120.0
2000-07-23,2.2,51171.91,0.0,449.06,0.0,28.0,16.26,1842.05
2000-07-24,2.2,51148.8,0.0,330.84,0.0,25.5,18.0,2080.0
2000-07-25,2.2,51148.8,2.0,259.2,0.0,23.0,17.5,2000.0
2000-07-26,4.6,51148.8,21.14,194.93,0.0,24.0,18.5,2120.0
2000-07-27,4.8,50803.2,23.0,175.73,0.0,25.5,20.5,2400.0
2000-07-28,3.6,50803.2,0.0,334.93,0.0,27.0,19.5,2280.0
2000-07-29,3.3,50803.2,4.38,280.96,0.0,28.43,19.57,2285.59
2000-07-30,3.4,50457.6,4.0,255.59,0.0,29.5,21.5,2560.0
2000-07-31,3.6,50457.6,6.0,278.4,0.0,30.5,21.5,2560.0
2000-08-01,3.4,50457.6,7.0,265.6,0.0,31.0,22.5,2720.0
2000-08-02,3.0,50112.0,0.0,323.57,0.0,30.5,23.0,2800.0
2000-08-03,2.9,50112.0,0.0,326.83,0.0,30.0,22.5,2720.0
2000-08-04,2.8,50112.0,8.05,262.4,0.0,29.0,21.0,2480.0
2000-08-05,2.7,49766.39,12.62,306.79,0.0,27.5,18.0,2080.0
2000-08-06,2.6,49766.39,0.0,458.49,0.0,27.5,16.0,1800.0
2000-08-07,2.5,49766.39,0.0,396.76,0.0,31.0,21.25,2520.7
2000-08-08,2.4,49420.8,0.0,360.96,0.0,32.88,24.02,3003.81
2000-08-09,2.3,49420.8,0.0,342.13,0.0,31.5,23.5,2880.0
2000-08-10,2.2,49075.19,0.0,377.97,0.0,31.0,22.0,2640.0
2000-08-11,2.1,49075.19,0.0,432.0,0.0,31.0,20.0,2320.0
2000-08-12,2.1,49075.19,0.0,395.0,0.0,28.0,19.0,2200.0
2000-08-13,2.3,48729.6,10.0,267.0,0.0,25.5,18.0,2080.0
2000-08-14,11.0,48729.6,43.3,160.0,0.0,21.5,17.5,2000.0
2000-08-15,4.4,48384.0,14.31,336.08,0.0,26.26,16.0,1800.0
2000-08-16,3.8,48384.0,0.0,438.4,0.0,30.0,19.0,2200.0
2000-08-17,3.3,48384.0,0.0,486.77,0.0,29.0,15.5,1760.0
2000-08-18,3.4,48038.39,3.65,266.44,0.0,24.5,17.09,1934.78
2000-08-19,3.1,48038.39,8.0,322.02,0.0,24.52,14.76,1682.05
2000-08-20,2.8,47692.8,0.0,467.2,0.0,25.0,13.5,1560.0
2000-08-21,2.7,47692.8,0.0,486.4,0.0,24.0,11.5,1360.0
2000-08-22,2.6,47692.8,0.0,505.81,0.0,25.5,11.0,1320.0
2000-08-23,2.6,47347.19,0.0,470.73,0.0,26.53,14.0,1600.0
2000-08-24,2.5,47347.19,0.0,403.66,0.0,28.02,18.0,2080.0
2000-08-25,2.5,47001.6,0.0,408.99,0.0,28.5,18.02,2081.91
2000-08-26,2.4,47001.6,0.0,480.0,0.0,28.5,14.0,1600.0
2000-08-27,2.4,46656.0,0.0,398.7,0.0,28.5,18.0,2080.0
2000-08-28,2.3,46656.0,5.18,264.25,0.0,27.26,18.5,2120.0
2000-08-29,2.3,46656.0,4.0,220.8,0.0,27.0,20.0,2320.0
2000-08-30,2.6,46310.4,2.0,272.0,0.0,27.5,21.0,2480.0
2000-08-31,2.4,46310.4,3.0,176.0,0.0,27.5,22.0,2640.0
2000-09-01,2.3,45964.8,1.0,266.31,0.0,29.5,22.98,2796.46
2000-09-02,2.4,45964.8,0.0,297.6,0.0,30.0,22.5,2720.0
2000-09-03,3.6,45619.2,14.0,185.6,0.0,28.5,22.5,2720.0
2000-09-04,3.5,45619.2,13.07,227.2,0.0,29.0,21.5,2560.0
2000-09-05,2.4,45619.2,0.0,428.8,0.0,27.0,15.0,1720.0
2000-09-06,2.2,45273.6,0.0,351.23,0.0,20.06,12.0,1400.0
2000-09-07,2.2,45273.6,0.0,422.4,0.0,22.5,11.5,1360.0
2000-09-08,2.1,44928.0,0.0,448.0,0.0,24.5,11.5,1360.0
2000-09-09,2.1,44928.0,0.0,416.0,0.0,27.0,15.0,1720.0
2000-09-10,2.1,44582.41,0.0,407.93,0.0,28.5,16.5,1880.0
2000-09-11,2.0,44582.41,0.0,422.4,0.0,28.5,15.5,1760.0
2000-09-12,2.0,44236.8,0.0,390.19,0.0,28.5,17.0,1920.0
2000-09-13,2.0,44236.8,0.0,356.58,0.0,28.5,18.2,2095.68
2000-09-14,1.9,43891.2,0.0,432.15,0.0,28.0,13.5,1560.0
2000-09-15,3.4,43891.2,21.34,273.09,0.0,26.0,15.5,1760.0
2000-09-16,2.2,43891.2,0.0,415.21,0.0,22.5,10.05,1243.9
2000-09-17,2.0,43545.6,0.0,422.4,0.0,21.5,8.5,1120.0
2000-09-18,2.0,43545.6,0.0,368.62,0.0,22.03,11.5,1360.0
2000-09-19,2.3,43200.0,5.86,233.55,0.0,23.5,15.0,1720.0
2000-09-20,2.2,43200.0,7.74,307.2,0.0,28.0,14.0,1600.0
2000-09-21,2.0,42854.4,0.0,364.48,0.0,28.5,16.98,1918.23
2000-09-22,1.9,42854.4,0.0,421.78,0.0,24.38,10.0,1240.0
2000-09-23,2.0,42508.8,5.0,265.6,0.0,23.5,13.0,1480.0
2000-09-24,2.1,42508.8,1.0,252.07,0.0,25.0,18.0,2080.01
2000-09-25,4.4,42508.8,14.0,287.49,0.0,23.5,11.52,1361.91
2000-09-26,19.0,42163.2,66.7,152.53,0.0,14.96,10.0,1240.0
2000-09-27,5.8,42163.2,2.86,276.42,0.0,18.0,7.5,1040.0
2000-09-28,4.3,41817.6,0.0,401.72,0.0,22.0,8.57,1125.59
2000-09-29,3.9,41817.6,0.0,403.2,0.0,22.0,8.0,1080.0
2000-09-30,3.8,41472.0,0.0,406.12,0.0,20.48,6.0,920.0
2000-10-01,3.7,41472.0,0.0,368.0,0.0,21.5,9.0,1160.0
2000-10-02,3.6,41126.4,0.0,339.2,0.0,23.5,12.0,1400.0
2000-10-03,3.4,41126.4,0.0,371.2,0.0,27.0,12.5,1440.0
2000-10-04,3.3,40780.8,0.0,361.6,0.0,28.5,14.0,1600.0
2000-10-05,3.3,40780.8,0.0,329.6,0.0,27.5,15.0,1720.0
2000-10-06,3.2,40780.8,0.0,260.87,0.0,25.0,16.02,1803.81
2000-10-07,2.9,40435.2,2.0,374.4,0.0,24.5,9.0,1160.0
2000-10-08,2.8,40435.2,0.0,329.6,0.0,16.0,4.5,840.0
2000-10-09,2.8,40089.6,0.0,312.68,0.0,13.5,3.0,760.0
2000-10-10,2.8,40089.6,0.0,308.67,0.0,13.41,3.0,760.0
2000-10-11,2.7,39744.0,0.0,345.6,0.0,18.0,5.0,880.0
2000-10-12,2.5,39744.0,0.0,358.4,0.0,20.5,6.0,920.0
2000-10-13,2.5,39744.0,0.0,377.77,0.0,23.03,5.5,920.0
2000-10-14,2.5,39398.4,0.0,371.2,0.0,25.5,7.5,1040.0
2000-10-15,2.4,39398.4,0.0,355.32,0.0,25.69,9.0,1160.0
2000-10-16,2.4,39052.8,0.0,334.74,0.0,25.5,10.35,1267.88
2000-10-17,2.4,39052.8,0.0,265.6,0.0,23.0,12.5,1440.0
2000-10-18,2.4,38707.2,1.9,163.2,0.0,20.5,14.5,1640.0
2000-10-19,2.3,38707.2,0.95,294.4,0.0,20.5,8.5,1120.0
2000-10-20,2.3,38707.2,0.0,358.4,0.0,22.0,4.0,800.0
2000-10-21,2.3,38361.6,0.0,336.36,0.0,23.5,7.0,1000.0
2000-10-22,2.2,38361.6,0.0,326.07,0.0,22.5,7.03,1002.07
2000-10-23,2.2,38016.0,0.0,326.35,0.0,19.49,4.0,800.0
2000-10-24,2.2,38016.0,0.0,316.8,0.0,18.5,3.5,800.0
2000-10-25,2.2,38016.0,0.0,314.78,0.0,21.0,5.41,912.61
2000-10-26,2.2,37670.4,0.0,288.0,0.0,21.5,7.5,1040.0
2000-10-27,2.2,37670.4,0.0,243.2,0.0,21.0,9.83,1226.65
2000-10-28,2.1,37324.8,0.0,246.76,0.0,21.0,9.5,1200.0
2000-10-29,2.1,37324.8,0.0,307.06,0.0,17.0,1.5,680.0
2000-10-30,2.1,37324.8,0.0,283.93,0.0,15.0,1.32,665.47
2000-10-31,2.1,36979.2,0.0,259.2,0.0,14.5,2.5,720.0
2000-11-01,2.0,36979.2,0.0,268.69,0.0,15.99,3.0,760.0
2000-11-02,2.0,36633.6,0.0,281.6,0.0,17.5,3.0,760.0
2000-11-03,2.0,36633.6,0.0,297.6,0.0,19.5,3.0,760.0
2000-11-04,2.0,36633.6,0.0,254.11,0.0,20.0,7.0,1000.0
2000-11-05,1.9,36288.0,0.0,237.23,0.0,17.78,6.0,920.0
2000-11-06,1.8,36288.0,0.0,268.47,0.0,15.5,1.53,682.07
2000-11-07,1.9,36288.0,0.0,275.2,0.0,15.5,0.5,640.0
2000-11-08,1.9,35942.4,0.0,252.8,0.0,18.0,4.5,840.0
2000-11-09,1.8,35942.4,0.0,197.6,0.0,18.5,8.54,1123.34
2000-11-10,2.2,35942.4,15.01,123.32,0.0,19.13,11.0,1320.0
2000-11-11,1.9,35596.8,0.0,137.6,0.0,16.0,9.5,1200.0
2000-11-12,1.9,35596.8,0.0,178.74,0.0,14.5,6.02,921.91
2000-11-13,1.9,35596.8,0.0,225.77,0.0,13.65,2.51,720.67
2000-11-14,2.2,35251.2,7.0,130.62,0.0,13.5,5.5,920.0
2000-11-15,2.0,35251.2,0.0,211.2,0.0,10.5,0.5,640.0
2000-11-16,1.9,35251.2,0.0,252.64,0.0,10.0,-3.0,480.0
2000-11-17,1.8,35228.09,1.0,219.92,0.0,12.5,1.5,680.0
2000-11-18,1.7,34905.6,0.0,237.32,0.0,12.0,-0.5,600.0
2000-11-19,1.7,34905.6,0.0,173.22,0.0,7.0,-1.0,560.0
2000-11-20,1.6,34905.6,0.0,222.26,0.0,7.5,-3.36,480.0
2000-11-21,1.6,34560.0,0.0,217.6,0.0,7.5,-3.0,480.0
2000-11-22,1.6,34560.0,0.0,160.0,0.0,3.0,-4.0,440.0
2000-11-23,1.5,34560.0,0.0,172.8,0.0,2.5,-5.0,440.0
2000-11-24,1.5,34560.0,0.0,230.24,0.0,4.5,-6.5,360.0
2000-11-25,1.5,34214.4,0.0,233.6,0.0,7.5,-4.0,440.0
2000-11-26,4.2,34214.4,33.0,176.75,0.0,17.0,4.38,830.37
2000-11-27,2.2,34214.4,1.0,185.6,0.0,15.5,6.5,960.0
2000-11-28,1.8,34214.4,0.0,246.24,0.0,14.0,0.5,640.0
2000-11-29,1.8,34214.4,0.0,245.32,0.0,12.04,-1.37,560.0
2000-11-30,1.8,33868.8,4.0,153.6,0.0,10.5,0.5,640.0
2000-12-01,1.9,33868.8,0.0,214.4,0.0,8.5,-2.0,520.0
2000-12-02,1.9,33868.8,0.0,179.06,0.0,5.5,-2.5,520.0
2000-12-03,2.0,33868.8,0.0,182.4,0.0,2.5,-5.5,400.0
2000-12-04,2.1,33868.8,0.0,235.06,0.0,5.5,-6.36,370.9
2000-12-05,2.4,33868.8,0.0,256.0,0.0,9.0,-6.0,400.0
2000-12-06,1.9,33523.2,0.0,227.2,0.0,7.0,-4.5,440.0
2000-12-07,2.0,33523.2,0.0,154.02,0.0,3.0,-3.52,478.23
2000-12-08,2.0,33523.2,0.0,205.1,0.0,6.02,-3.5,480.0
2000-12-09,2.7,33523.2,0.0,217.6,0.0,6.0,-4.5,440.0
2000-12-10,2.4,33523.2,0.0,204.64,0.0,6.0,-3.5,480.0
2000-12-11,2.2,33523.2,2.0,140.8,0.0,7.0,1.0,640.0
2000-12-12,2.1,33523.2,0.0,198.68,0.0,11.5,1.98,718.23
2000-12-13,1.9,33523.2,0.0,233.87,0.0,7.0,-5.28,417.31
2000-12-14,3.3,33523.2,14.23,179.82,0.0,11.0,-2.6,512.27
2000-12-15,2.3,33523.2,8.22,131.09,0.0,6.0,-1.99,520.69
2000-12-16,2.4,33523.2,5.0,163.06,0.0,9.5,-1.5,560.0
2000-12-17,17.0,33523.2,22.38,176.0,0.0,18.0,4.0,800.0
2000-12-18,6.4,33523.2,24.33,135.96,0.0,4.76,-3.5,480.0
2000-12-19,4.2,33523.2,0.0,206.91,0.0,5.5,-4.5,440.0
2000-12-20,4.0,33523.2,1.4,254.34,0.0,6.0,-6.0,400.0
2000-12-21,3.7,33523.2,0.0,233.44,0.0,0.5,-9.5,280.0
2000-12-22,3.7,33523.2,4.0,157.25,0.0,1.5,-7.08,360.0
2000-12-23,3.5,33523.2,0.0,239.86,0.0,-1.0,-11.5,240.0
2000-12-24,3.5,33523.2,0.0,253.6,0.0,1.0,-10.64,280.0
2000-12-25,3.4,33523.2,0.0,246.26,0.0,1.5,-9.5,280.0
2000-12-26,3.2,33523.2,0.0,209.69,0.0,-2.58,-11.0,280.0
2000-12-27,3.3,33523.2,0.0,218.93,0.0,-0.5,-9.5,280.0
2000-12-28,3.3,33523.2,0.0,150.24,0.0,-0.5,-6.0,400.0
2000-12-29,3.2,33523.2,0.0,217.46,0.0,-1.0,-9.5,280.0
2000-12-30,3.3,33523.2,2.71,150.46,0.0,0.24,-6.5,360.0
2000-12-31,3.0,33523.2,1.36,183.96,0.0,-0.38,-8.0,320.0
2001-01-01,2.9,33523.2,0.0,201.6,0.0,2.0,-6.5,360.0
2001-01-02,2.8,33523.2,0.0,153.47,0.0,0.5,-5.41,407.45
2001-01-03,2.8,33523.2,0.0,224.74,0.0,0.0,-9.81,280.0
2001-01-04,2.7,33868.8,0.0,243.2,0.0,2.0,-9.5,280.0
2001-01-05,2.8,33868.8,0.0,241.3,0.0,2.5,-8.7,320.0
2001-01-06,2.8,33868.8,1.0,213.94,0.0,3.5,-5.48,401.9
2001-01-07,2.7,33868.8,0.0,252.8,0.0,7.0,-5.5,400.0
2001-01-08,3.1,33868.8,0.0,204.8,0.0,6.5,-2.0,520.0
2001-01-09,3.1,33868.8,5.0,92.8,0.0,3.0,-1.5,560.0
2001-01-10,2.8,34191.29,0.0,183.34,0.0,3.55,-3.5,480.0
2001-01-11,2.7,34214.4,0.0,265.44,0.0,9.47,-4.0,440.0
2001-01-12,2.7,34214.4,0.0,265.6,0.0,10.5,-3.0,480.0
2001-01-13,2.6,34214.4,0.0,262.4,0.0,7.0,-5.5,400.0
2001-01-14,2.6,34214.4,0.0,275.2,0.0,8.0,-6.0,400.0
2001-01-15,2.9,34560.0,4.0,137.6,0.0,7.0,0.0,600.0
2001-01-16,2.9,34560.0,5.19,131.2,0.0,7.5,1.0,640.0
2001-01-17,2.7,34560.0,0.0,246.4,0.0,7.5,-3.0,480.0
2001-01-18,2.6,34560.0,0.0,211.2,0.0,5.5,-2.5,520.0
2001-01-19,4.5,34905.6,15.2,96.7,0.0,5.5,1.0,640.0
2001-01-20,10.0,34905.6,31.0,77.22,0.0,5.5,1.98,718.23
2001-01-21,6.6,34905.6,6.0,137.6,0.0,2.5,-4.0,440.0
2001-01-22,4.9,34905.6,0.0,225.68,0.0,1.0,-7.25,360.0
2001-01-23,4.6,35251.2,0.0,262.4,0.0,2.5,-8.0,320.0
2001-01-24,4.4,35251.2,0.0,262.4,0.0,5.5,-5.0,440.0
2001-01-25,4.3,35251.2,0.0,232.66,0.0,6.0,-2.5,520.0
2001-01-26,4.1,35596.8,0.0,243.26,0.0,3.86,-5.02,438.23
2001-01-27,4.1,35596.8,0.0,236.8,0.0,6.0,-2.5,520.0
2001-01-28,3.9,35596.8,0.0,271.06,0.0,7.0,-3.5,480.0
2001-01-29,3.8,35919.29,0.0,287.73,0.0,5.99,-5.5,400.0
2001-01-30,4.4,35942.4,7.0,228.83,0.0,13.25,-0.5,600.0
2001-01-31,4.3,35942.4,4.87,225.7,0.0,14.59,3.0,760.0
2001-02-01,3.9,36264.89,0.0,284.8,0.0,12.0,0.5,640.0
2001-02-02,3.8,36288.0,0.0,283.56,0.0,10.15,-1.0,560.0
2001-02-03,3.6,36288.0,0.0,300.8,0.0,8.0,-4.0,440.0
2001-02-04,3.6,36633.6,0.0,304.0,0.0,5.0,-7.0,360.0
2001-02-05,9.5,36633.6,18.27,179.2,0.0,6.5,-1.5,560.0
2001-02-06,6.9,36633.6,21.47,168.82,0.0,7.22,0.0,600.0
2001-02-07,5.4,36979.2,0.0,281.6,0.0,9.5,-0.5,600.0
2001-02-08,4.9,36979.2,0.0,326.29,0.0,10.49,-3.0,480.0
2001-02-09,5.0,36979.2,0.0,326.4,0.0,14.5,0.5,640.0
2001-02-10,4.7,37324.8,1.0,296.5,0.0,17.5,6.05,923.9
2001-02-11,4.2,37324.8,0.0,325.08,0.0,8.5,-4.0,440.0
2001-02-12,4.2,37670.4,0.0,256.0,0.0,3.0,-5.0,440.0
2001-02-13,4.7,37670.4,6.0,208.0,0.0,8.0,-1.0,560.0
2001-02-14,4.2,37670.4,0.0,277.3,0.0,11.0,2.0,720.0
2001-02-15,4.2,38016.0,0.0,265.6,0.0,12.5,4.0,800.0
2001-02-16,4.5,38016.0,3.56,131.2,0.0,9.0,4.0,800.0
2001-02-17,6.8,38361.6,14.0,124.8,0.0,6.0,1.5,680.0
2001-02-18,5.0,38361.6,0.0,323.56,0.0,4.0,-6.5,360.0
2001-02-19,4.5,38361.6,0.0,358.4,0.0,5.0,-8.0,320.0
2001-02-20,4.4,38707.2,0.0,368.0,0.0,14.0,-1.0,560.0
2001-02-21,4.3,38707.2,0.0,352.0,0.0,16.0,2.5,720.0
2001-02-22,4.2,39052.8,0.0,364.5,0.0,7.0,-6.48,361.91
2001-02-23,4.2,39052.8,10.0,211.2,0.0,3.0,-5.5,400.0
2001-02-24,4.1,39052.8,0.0,307.2,0.0,5.0,-4.5,440.0
2001-02-25,5.8,39398.4,0.0,332.8,0.0,10.5,-0.5,600.0
2001-02-26,6.0,39398.4,5.0,241.98,0.0,15.18,4.48,838.23
2001-02-27,5.2,39744.0,0.0,366.16,0.0,12.0,-1.0,560.0
2001-02-28,5.0,39744.0,0.0,355.2,0.0,10.5,-1.5,560.0
2001-03-01,4.6,40089.6,0.0,347.17,0.0,6.5,-4.5,440.0
2001-03-02,4.5,40089.6,0.0,355.2,0.0,10.0,-1.5,560.0
2001-03-03,4.4,40412.09,0.0,384.0,0.0,13.5,0.0,600.0
2001-03-04,4.8,40435.2,0.0,316.8,0.0,11.5,2.0,720.0
2001-03-05,6.4,40435.2,12.08,144.73,0.0,5.0,0.0,600.0
2001-03-06,5.2,40780.8,2.76,235.84,0.0,3.0,-4.69,440.0
2001-03-07,4.8,40780.8,0.0,323.2,0.0,7.0,-2.0,520.0
2001-03-08,4.6,41126.4,0.0,393.6,0.0,9.5,-3.0,480.0
2001-03-09,4.7,41126.4,2.0,325.99,0.0,8.55,-0.5,600.0
2001-03-10,4.5,41472.0,0.0,342.4,0.0,8.0,-1.5,560.0
2001-03-11,4.3,41472.0,0.0,444.8,0.0,13.0,-3.5,480.0
2001-03-12,4.1,41472.0,0.0,443.09,0.0,15.0,-1.5,560.0
2001-03-13,6.7,41817.6,15.0,307.2,0.0,16.0,2.5,720.0
2001-03-14,5.3,41817.6,0.64,387.2,0.0,16.5,4.5,840.0
2001-03-15,5.2,42163.2,0.0,409.6,0.0,13.5,0.5,640.0
2001-03-16,6.1,42163.2,10.0,236.8,0.0,11.5,3.0,760.0
2001-03-17,5.3,42508.8,2.0,256.0,0.0,11.0,4.5,840.0
2001-03-18,4.9,42508.8,0.99,307.2,0.0,9.5,1.5,680.0
2001-03-19,4.5,42854.4,0.0,403.2,0.0,11.0,-1.0,560.0
2001-03-20,4.2,42854.4,0.0,441.6,0.0,12.0,-2.5,519.99
2001-03-21,23.0,43200.0,30.14,240.0,0.0,11.0,2.5,720.0
2001-03-22,17.0,43200.0,25.42,156.8,0.0,10.5,5.5,920.0
2001-03-23,8.4,43200.0,0.0,329.9,0.0,13.0,4.59,847.25
2001-03-24,7.1,43545.6,0.0,460.8,0.0,16.5,1.5,680.0
2001-03-25,6.2,43545.6,0.0,470.61,0.0,13.0,-2.5,520.0
2001-03-26,6.3,43891.2,4.99,258.61,0.0,7.0,-1.64,549.14
2001-03-27,6.2,43891.2,0.0,375.08,0.0,4.42,-5.0,440.0
2001-03-28,5.8,44236.8,0.0,412.8,0.0,7.5,-3.5,479.99
2001-03-29,6.0,44236.8,0.0,403.2,0.0,9.5,-1.0,560.0
2001-03-30,17.0,44582.41,30.38,288.0,0.0,15.0,5.0,880.0
2001-03-31,9.4,44582.41,4.0,294.4,0.0,12.5,2.5,720.0
2001-04-01,7.9,44928.0,0.0,285.17,0.0,10.0,3.5,800.0
2001-04-02,6.9,44928.0,1.0,345.6,0.0,11.0,3.0,760.0
2001-04-03,6.4,44928.0,0.0,489.23,0.0,13.02,-1.5,560.0
2001-04-04,6.0,45273.6,0.0,460.8,0.0,14.5,1.5,680.0
2001-04-05,5.8,45273.6,0.0,512.29,0.0,16.96,-0.59,592.61
2001-04-06,5.8,45619.2,0.0,473.92,0.0,18.02,3.5,800.0
2001-04-07,5.4,45619.2,0.0,409.44,0.0,18.0,7.0,1000.0
2001-04-08,5.4,45964.8,1.0,369.18,0.0,15.88,6.55,963.9
2001-04-09,5.6,45964.8,3.0,371.2,0.0,24.52,7.5,1040.0
2001-04-10,6.2,45987.9,8.0,358.4,0.0,26.0,10.0,1240.0
2001-04-11,7.6,46310.4,9.0,166.4,0.0,13.5,8.5,1120.0
2001-04-12,7.7,46310.4,11.0,261.76,0.0,18.47,10.0,1240.0
2001-04-13,6.5,46656.0,0.57,417.06,0.0,24.42,12.0,1400.0
2001-04-14,6.0,46656.0,0.0,500.25,0.0,23.0,7.17,1013.46
2001-04-15,5.8,47001.6,0.0,431.19,0.0,20.0,8.5,1120.0
2001-04-16,5.9,47001.6,6.0,286.21,0.0,16.5,7.09,1007.47
2001-04-17,5.8,47347.19,5.0,259.2,0.0,12.0,4.0,800.0
2001-04-18,5.8,47347.19,3.05,299.99,0.0,11.0,1.5,680.0
2001-04-19,5.4,47347.19,0.0,508.8,0.0,13.5,-1.0,560.0
2001-04-20,5.1,47692.8,0.0,505.6,0.0,18.0,3.0,760.0
2001-04-21,5.1,47692.8,0.0,424.79,0.0,22.0,10.5,1280.0
2001-04-22,5.1,48038.39,0.0,384.0,0.0,26.0,15.5,1760.0
2001-04-23,4.8,48038.39,0.0,450.91,0.0,29.48,15.5,1760.0
2001-04-24,4.6,48038.39,0.0,460.8,0.0,30.0,15.5,1760.0
2001-04-25,4.4,48384.0,4.35,394.41,0.0,26.0,7.69,1054.93
2001-04-26,4.3,48384.0,0.0,464.88,0.0,15.09,2.5,720.0
2001-04-27,4.3,48729.6,0.0,550.05,0.0,21.5,1.59,686.9
2001-04-28,4.2,48729.6,0.0,528.0,0.0,23.0,5.0,880.0
2001-04-29,4.4,48729.6,0.0,508.8,0.0,19.0,3.0,760.0
2001-04-30,4.2,49075.19,0.0,524.12,0.0,20.5,3.05,764.24
2001-05-01,3.5,49075.19,0.0,521.6,0.0,25.0,6.5,960.0
2001-05-02,3.6,49420.8,0.0,518.4,0.0,28.5,9.0,1160.0
2001-05-03,3.5,49420.8,0.0,484.9,0.0,30.5,13.0,1480.0
2001-05-04,3.6,49420.8,0.0,467.2,0.0,31.0,14.5,1640.0
2001-05-05,3.4,49766.39,0.0,435.2,0.0,30.0,15.5,1760.0
2001-05-06,3.3,49766.39,0.0,448.68,0.0,23.5,9.5,1200.0
2001-05-07,3.2,49766.39,0.0,450.41,0.0,18.0,4.54,843.27
2001-05-08,3.3,50112.0,0.0,457.6,0.0,19.5,5.5,920.0
2001-05-09,3.3,50112.0,0.0,480.0,0.0,22.5,7.0,1000.0
2001-05-10,3.5,50135.1,0.0,470.4,0.0,26.0,10.5,1280.0
2001-05-11,3.0,50457.6,0.0,470.4,0.0,30.0,13.5,1546.97
2001-05-12,3.0,50457.6,0.0,419.2,0.0,29.5,15.5,1760.0
2001-05-13,2.6,50480.71,0.0,460.8,0.0,26.5,11.0,1320.0
2001-05-14,2.6,50803.2,0.0,476.8,0.0,21.5,6.0,920.0
2001-05-15,2.5,50803.2,0.0,439.76,0.0,21.5,7.76,1060.93
2001-05-16,2.5,50803.2,0.0,442.58,0.0,21.5,7.5,1040.0
2001-05-17,2.5,51148.8,0.0,282.58,0.0,18.0,10.0,1240.0
2001-05-18,2.6,51148.8,0.0,201.6,0.0,17.5,12.0,1400.0
2001-05-19,2.6,51148.8,4.98,176.0,0.0,20.0,13.5,1560.0
2001-05-20,2.5,51494.39,2.0,313.81,0.0,21.32,12.5,1440.0
2001-05-21,2.8,51494.39,11.0,134.04,0.0,17.11,12.5,1440.0
2001-05-22,2.9,51494.39,7.0,240.0,0.0,23.5,14.5,1640.0
2001-05-23,2.9,51494.39,13.0,268.8,0.0,26.0,15.5,1760.0
2001-05-24,2.2,51840.0,0.0,408.63,0.0,24.54,12.5,1440.0
2001-05-25,2.1,51840.0,0.0,372.6,0.0,24.0,13.5,1560.0
2001-05-26,9.0,51840.0,22.2,203.38,0.0,21.07,14.0,1600.0
2001-05-27,8.3,51840.0,32.25,217.6,0.0,22.0,14.5,1640.0
2001-05-28,4.2,52185.61,6.02,281.6,0.0,24.0,14.0,1600.0
2001-05-29,3.5,52185.61,0.0,364.85,0.0,23.5,14.0,1600.0
2001-05-30,3.0,52185.61,0.0,374.13,0.0,23.0,13.5,1560.0
2001-05-31,2.8,52185.61,0.0,489.6,0.0,21.0,7.5,1040.0
2001-06-01,2.9,52208.71,1.42,448.99,0.0,21.5,8.0,1080.0
2001-06-02,3.4,52531.2,10.0,232.8,0.0,23.34,16.0,1800.0
2001-06-03,3.2,52531.2,10.0,273.43,0.0,24.5,15.69,1775.36
2001-06-04,2.8,52531.2,0.0,463.05,0.0,24.5,12.5,1440.0
2001-06-05,2.8,52531.2,5.0,316.8,0.0,25.5,15.0,1720.0
2001-06-06,2.7,52531.2,1.09,373.59,0.0,26.5,17.5,2000.0
2001-06-07,4.7,52531.2,18.0,293.41,0.0,25.28,16.0,1800.0
2001-06-08,3.7,52876.8,12.05,351.48,0.0,26.0,14.0,1600.0
2001-06-09,3.3,52876.8,0.0,495.48,0.0,27.5,14.0,1600.0
2001-06-10,3.1,52876.8,0.0,478.47,0.0,27.51,14.92,1706.95
2001-06-11,2.9,52876.8,0.0,470.4,0.0,29.0,16.5,1880.0
2001-06-12,2.7,52876.8,0.0,428.8,0.0,30.5,19.5,2280.0
2001-06-13,2.6,52876.8,0.0,435.57,0.0,32.0,20.5,2400.0
2001-06-14,2.5,52876.8,0.0,428.8,0.0,31.5,20.5,2400.0
2001-06-15,2.4,52876.8,0.0,332.8,0.0,29.0,21.5,2560.0
2001-06-16,2.4,52876.8,0.0,275.2,0.0,28.5,22.5,2720.0
2001-06-17,55.0,52876.8,74.0,314.7,0.0,29.09,19.0,2200.0
2001-06-18,13.0,52876.8,5.68,360.34,0.0,29.5,18.0,2080.0
2001-06-19,7.3,52876.8,0.0,489.6,0.0,30.0,16.5,1880.0
2001-06-20,6.1,52876.8,0.0,451.2,0.0,30.5,18.5,2120.0
2001-06-21,11.0,52876.8,0.0,433.43,0.0,31.0,19.5,2280.0
2001-06-22,11.0,52876.8,6.45,347.87,0.0,30.09,19.5,2280.0
2001-06-23,7.8,52876.8,0.0,339.71,0.0,28.5,20.5,2400.0
2001-06-24,6.9,52876.8,6.24,297.6,0.0,27.5,18.0,2080.0
2001-06-25,5.8,52876.8,0.0,460.8,0.0,28.0,16.0,1800.0
2001-06-26,5.2,52876.8,0.0,476.8,0.0,30.5,17.0,1920.0
2001-06-27,5.0,52876.8,0.0,449.71,0.0,31.5,19.0,2200.0
2001-06-28,4.9,52876.8,0.0,405.77,0.0,32.5,21.5,2560.0
2001-06-29,4.7,52876.8,0.0,422.4,0.0,33.5,21.5,2560.0
2001-06-30,4.5,52876.8,0.0,394.35,0.0,33.92,23.0,2800.0
2001-07-01,4.8,52876.8,0.0,361.11,0.0,33.0,23.5,2880.0
2001-07-02,4.8,52876.8,13.0,374.4,0.0,29.0,14.5,1640.0
2001-07-03,4.1,52876.8,0.0,504.83,0.0,25.0,11.0,1320.0
2001-07-04,4.2,52876.8,0.0,380.8,0.0,27.5,18.0,2080.0
2001-07-05,4.4,52876.8,10.0,278.55,0.0,29.5,20.0,2320.0
2001-07-06,4.9,52531.2,17.98,342.4,0.0,28.5,16.0,1800.0
2001-07-07,3.9,52531.2,0.0,486.11,0.0,27.0,13.35,1535.75
2001-07-08,4.0,52531.2,2.0,380.53,0.0,27.0,17.51,2001.35
2001-07-09,3.9,52531.2,2.0,374.4,0.0,29.0,19.5,2280.0
2001-07-10,3.5,52531.2,0.0,468.86,0.0,32.5,18.5,2120.0
2001-07-11,3.4,52531.2,3.0,313.6,0.0,31.5,20.0,2320.0
2001-07-12,3.2,52185.61,0.0,467.2,0.0,28.5,15.5,1760.0
2001-07-13,3.1,52185.61,0.0,462.62,0.0,27.0,14.5,1640.0
2001-07-14,2.9,52185.61,0.0,480.0,0.0,27.5,14.0,1600.0
2001-07-15,2.8,52185.61,0.0,481.81,0.0,28.5,14.5,1640.0
2001-07-16,2.4,52185.61,0.0,467.2,0.0,30.5,16.5,1880.0
2001-07-17,2.3,51840.0,0.0,412.8,0.0,32.0,20.0,2320.0
2001-07-18,26.0,51840.0,32.92,284.8,0.0,30.5,20.0,2320.0
2001-07-19,6.2,51840.0,7.0,172.8,0.0,25.0,19.5,2280.0
2001-07-20,4.6,51840.0,0.0,403.37,0.0,26.0,15.62,1769.47
2001-07-21,4.1,51494.39,0.0,492.8,0.0,27.5,13.0,1480.0
2001-07-22,4.0,51494.39,0.0,496.22,0.0,29.0,13.73,1578.63
2001-07-23,3.9,51494.39,0.0,408.63,0.0,30.0,18.5,2120.0
2001-07-24,3.8,51171.91,0.0,342.4,0.0,31.5,22.0,2640.0
2001-07-25,3.5,51148.8,0.0,291.2,0.0,32.0,24.0,3000.0
2001-07-26,6.0,51148.8,0.0,330.65,0.0,31.5,22.5,2720.0
2001-07-27,8.1,51148.8,46.0,285.38,0.0,27.36,17.5,2000.0
2001-07-28,4.6,50803.2,0.0,432.0,0.0,25.5,14.0,1600.0
2001-07-29,5.2,50803.2,8.93,273.49,0.0,24.0,15.07,1725.36
2001-07-30,5.5,50803.2,14.0,236.58,0.0,24.0,16.51,1880.67
2001-07-31,4.3,50457.6,0.0,429.71,0.0,26.5,15.0,1720.0
2001-08-01,3.7,50457.6,0.0,471.71,0.0,28.5,14.77,1682.43
2001-08-02,3.6,50457.6,0.0,471.14,0.0,29.5,15.5,1760.0
2001-08-03,3.4,50112.0,0.0,448.05,0.0,29.5,16.5,1880.0
2001-08-04,3.4,50112.0,0.0,342.67,0.0,29.01,20.0,2320.0
2001-08-05,3.2,50112.0,0.0,380.86,0.0,30.5,20.0,2319.99
2001-08-06,2.9,49766.39,0.0,400.28,0.0,32.5,20.93,2469.0
2001-08-07,2.8,49766.39,0.0,372.82,0.0,33.5,22.69,2749.85
2001-08-08,2.8,49766.39,0.0,361.21,0.0,34.73,24.0,3000.0
2001-08-09,2.6,49420.8,0.0,377.6,0.0,35.5,24.0,3000.0
2001-08-10,2.6,49420.8,0.0,343.52,0.0,34.54,24.5,3080.0
2001-08-11,6.3,49075.19,28.43,278.51,0.0,32.51,22.0,2640.0
2001-08-12,5.5,49075.19,28.0,208.64,0.0,28.5,21.48,2556.02
2001-08-13,11.0,49075.19,30.99,169.6,0.0,27.5,22.0,2640.0
2001-08-14,6.3,48729.6,23.0,254.8,0.0,28.5,20.04,2326.51
2001-08-15,4.6,48729.6,0.0,409.6,0.0,29.5,18.5,2120.0
2001-08-16,4.0,48384.0,0.0,454.4,0.0,29.5,16.5,1879.97
2001-08-17,3.7,48384.0,0.0,391.94,0.0,30.0,19.5,2280.0
2001-08-18,3.7,48384.0,0.0,412.8,0.0,30.0,18.5,2120.0
2001-08-19,3.7,48038.39,0.0,357.92,0.0,29.4,20.0,2320.0
2001-08-20,3.6,48038.39,6.0,233.6,0.0,30.0,22.0,2640.0
2001-08-21,3.4,47692.8,0.0,391.35,0.0,29.5,19.09,2214.09
2001-08-22,3.2,47692.8,0.0,428.8,0.0,29.5,17.5,2000.0
2001-08-23,2.9,47692.8,0.0,412.8,0.0,30.0,18.5,2120.0
2001-08-24,8.0,47347.19,29.0,272.0,0.0,29.0,19.5,2280.0
2001-08-25,5.4,47347.19,0.0,379.6,0.0,28.0,18.0,2080.0
2001-08-26,4.2,47001.6,0.0,460.8,0.0,28.5,14.5,1640.0
2001-08-27,3.9,47001.6,0.0,400.0,0.0,30.5,19.0,2200.0
2001-08-28,3.7,46656.0,2.0,353.11,0.0,30.79,21.0,2480.0
2001-08-29,3.6,46656.0,0.0,360.42,0.0,30.04,20.0,2320.0
2001-08-30,3.4,46656.0,0.0,348.41,0.0,29.5,20.0,2320.0
2001-08-31,3.3,46310.4,0.0,320.0,0.0,29.5,21.0,2480.0
2001-09-01,3.2,46310.4,0.0,323.2,0.0,29.0,20.5,2400.0
2001-09-02,3.1,45964.8,0.0,444.23,0.0,25.76,13.0,1480.0
2001-09-03,3.0,45964.8,0.0,448.84,0.0,26.5,13.0,1480.0
2001-09-04,3.0,45619.2,0.0,388.04,0.0,28.5,17.5,2000.0
2001-09-05,3.4,45619.2,17.04,300.8,0.0,28.0,16.5,1880.0
2001-09-06,3.3,45619.2,0.0,464.0,0.0,26.5,11.5,1360.0
2001-09-07,3.2,45273.6,0.0,454.52,0.0,27.5,12.67,1453.32
2001-09-08,3.1,45273.6,0.0,435.2,0.0,28.5,14.5,1640.0
2001-09-09,3.0,44928.0,0.0,411.88,0.0,29.0,16.0,1800.0
2001-09-10,2.9,44928.0,0.0,361.6,0.0,30.0,19.0,2200.0
2001-09-11,2.8,44582.41,3.0,288.0,0.0,29.0,17.0,1920.0
2001-09-12,2.7,44582.41,0.0,416.0,0.0,27.0,13.5,1560.0
2001-09-13,2.6,44236.8,0.0,425.6,0.0,27.5,13.0,1480.0
2001-09-14,2.6,44236.8,0.94,383.87,0.0,25.5,12.5,1440.0
2001-09-15,2.5,43891.2,0.0,364.8,0.0,19.5,9.0,1160.0
2001-09-16,2.5,43891.2,0.0,433.13,0.0,22.59,8.0,1080.0
2001-09-17,2.4,43891.2,0.0,441.6,0.0,25.0,9.0,1160.0
2001-09-18,2.3,43545.6,0.0,419.2,0.0,26.0,11.0,1320.0
2001-09-19,2.3,43545.6,0.0,405.36,0.0,26.5,12.0,1400.0
2001-09-20,2.2,43200.0,5.25,234.83,0.0,25.5,15.5,1760.0
2001-09-21,2.3,43200.0,10.0,193.25,0.0,26.0,17.95,2072.21
2001-09-22,2.4,42854.4,0.0,289.38,0.0,27.0,17.7,2031.35
2001-09-23,2.3,42854.4,0.0,306.87,0.0,28.0,17.76,2042.05
2001-09-24,2.2,42508.8,0.0,275.2,0.0,27.5,18.5,2120.0
2001-09-25,2.3,42508.8,12.0,214.4,0.0,25.0,16.0,1800.0
2001-09-26,2.2,42508.8,3.0,288.28,0.0,20.5,7.48,1038.23
2001-09-27,2.1,42163.2,0.0,387.2,0.0,20.5,7.0,1000.0
2001-09-28,2.0,42163.2,1.19,362.19,0.0,20.5,8.29,1102.93
2001-09-29,2.0,41817.6,0.0,300.8,0.0,19.0,9.5,1200.0
2001-09-30,2.0,41817.6,0.0,269.03,0.0,17.76,9.5,1200.0
2001-10-01,2.3,41472.0,9.0,142.93,0.0,14.0,8.51,1120.67
2001-10-02,2.1,41472.0,3.0,268.65,0.0,21.0,8.5,1120.0
2001-10-03,2.0,41126.4,0.0,377.6,0.0,26.5,11.5,1360.0
2001-10-04,1.9,41126.4,0.0,345.6,0.0,28.0,14.5,1640.0
2001-10-05,1.9,40780.8,0.0,356.66,0.0,28.0,13.64,1570.9
2001-10-06,2.0,40780.8,7.0,262.25,0.0,25.5,12.0,1400.0
2001-10-07,1.9,40780.8,5.0,255.54,0.0,17.5,5.52,920.0
2001-10-08,1.9,40435.2,0.0,368.0,0.0,14.0,0.5,640.0
2001-10-09,1.9,40435.2,0.0,403.04,0.0,16.0,-1.0,560.0
2001-10-10,1.9,40089.6,0.0,397.09,0.0,20.5,2.5,720.0
2001-10-11,1.9,40089.6,0.0,348.8,0.0,24.0,9.5,1200.0
2001-10-12,1.8,39744.0,0.0,355.2,0.0,25.0,9.5,1200.0
2001-10-13,1.7,39744.0,0.0,323.49,0.0,25.5,12.0,1400.0
2001-10-14,1.7,39744.0,0.0,313.6,0.0,25.5,12.5,1440.0
2001-10-15,1.7,39398.4,6.0,232.99,0.0,23.5,10.8,1303.81
2001-10-16,1.7,39398.4,0.0,350.69,0.0,21.5,6.0,920.0
2001-10-17,1.6,39052.8,2.0,324.07,0.0,20.5,7.0,1000.0
2001-10-18,1.5,39052.8,0.0,328.14,0.0,15.5,2.18,720.0
2001-10-19,1.5,38707.2,0.0,355.2,0.0,17.5,1.5,680.0
2001-10-20,1.6,38707.2,0.0,335.37,0.0,22.0,6.59,967.25
2001-10-21,1.5,38707.2,0.0,336.0,0.0,24.5,8.0,1080.0
2001-10-22,1.4,38361.6,0.0,304.0,0.0,26.0,11.5,1360.0
2001-10-23,1.4,38361.6,0.0,300.8,0.0,26.0,11.5,1360.0
2001-10-24,1.4,38016.0,0.0,232.71,0.0,27.0,16.38,1860.74
2001-10-25,1.3,38016.0,0.0,217.6,0.0,27.5,17.5,2000.0
2001-10-26,1.3,38016.0,0.0,310.4,0.0,22.5,7.0,1000.0
2001-10-27,1.3,37670.4,0.0,240.0,0.0,14.0,4.0,800.0
2001-10-28,1.3,37670.4,0.0,230.4,0.0,12.0,2.5,720.0
2001-10-29,1.3,37324.8,0.0,311.98,0.0,13.5,-1.75,540.25
2001-10-30,1.3,37324.8,0.0,294.4,0.0,16.5,2.0,720.0
2001-10-31,1.3,37324.8,0.0,297.6,0.0,18.5,3.0,760.0
2001-11-01,1.3,36979.2,0.0,299.87,0.0,21.48,5.0,880.0
2001-11-02,1.3,36979.2,0.0,236.8,0.0,24.0,12.0,1400.0
2001-11-03,1.3,36633.6,0.0,195.2,0.0,23.0,13.5,1560.0
2001-11-04,1.2,36633.6,0.0,284.8,0.0,19.5,4.0,800.0
2001-11-05,1.2,36633.6,0.0,220.8,0.0,16.0,5.5,920.0
2001-11-06,1.2,36288.0,0.0,216.43,0.0,13.13,3.01,760.67
2001-11-07,1.2,36288.0,0.0,255.84,0.0,17.74,4.5,840.0
2001-11-08,1.2,36288.0,0.0,291.2,0.0,19.5,2.5,720.0
2001-11-09,1.2,35942.4,0.0,262.4,0.0,18.0,4.0,800.0
2001-11-10,1.2,35942.4,0.0,303.95,0.0,19.0,-0.49,600.0
2001-11-11,1.2,35942.4,0.0,246.4,0.0,16.5,3.5,800.0
2001-11-12,1.2,35596.8,0.0,271.7,0.0,11.5,-3.48,480.0
2001-11-13,1.1,35596.8,0.0,284.8,0.0,13.5,-3.5,480.0
2001-11-14,1.0,35596.8,0.0,281.6,0.0,16.5,-1.0,560.0
2001-11-15,1.1,35251.2,0.0,275.2,0.0,20.0,2.5,720.0
2001-11-16,1.1,35251.2,0.0,268.8,0.0,22.5,5.0,880.0
2001-11-17,1.0,35251.2,0.0,243.2,0.0,19.5,5.0,880.0
2001-11-18,1.0,35228.09,0.0,256.0,0.0,15.0,-0.5,600.0
2001-11-19,1.0,34905.6,0.0,259.2,0.0,18.0,1.5,680.0
2001-11-20,1.0,34905.6,1.0,217.6,0.0,17.5,5.0,880.0
2001-11-21,1.1,34905.6,0.0,233.6,0.0,10.5,-3.0,480.0
2001-11-22,1.2,34560.0,0.0,249.6,0.0,13.0,-2.5,520.0
2001-11-23,1.0,34560.0,0.0,256.0,0.0,16.0,-1.0,560.0
2001-11-24,1.1,34560.0,2.0,227.2,0.0,18.5,4.0,800.0
2001-11-25,1.2,34560.0,7.02,97.41,0.0,20.5,13.0,1480.03
2001-11-26,1.2,34214.4,6.7,115.2,0.0,19.5,10.5,1280.0
2001-11-27,1.1,34214.4,0.0,224.33,0.0,18.0,3.71,800.0
2001-11-28,1.1,34214.4,0.0,147.2,0.0,18.0,9.5,1200.0
2001-11-29,1.1,34214.4,0.0,131.2,0.0,20.0,12.5,1440.0
2001-11-30,1.1,34214.4,0.0,112.0,0.0,21.5,15.0,1720.0
2001-12-01,1.1,33868.8,0.0,161.54,0.0,22.5,12.88,1470.37
2001-12-02,1.1,33868.8,0.0,210.9,0.0,19.0,6.02,921.91
2001-12-03,1.1,33868.8,0.0,227.2,0.0,14.5,0.0,600.0
2001-12-04,1.1,33868.8,0.0,236.95,0.0,17.52,1.5,680.0
2001-12-05,1.1,33868.8,0.0,227.35,0.0,22.02,6.0,920.0
2001-12-06,1.1,33868.8,0.0,185.6,0.0,22.5,10.5,1280.0
2001-12-07,1.1,33523.2,2.0,156.5,0.0,20.0,10.52,1281.9
2001-12-08,1.3,33523.2,6.0,101.71,0.0,15.2,7.5,1040.0
2001-12-09,1.4,33523.2,11.0,102.4,0.0,12.0,4.5,840.0
2001-12-10,1.2,33523.2,0.0,195.71,0.0,10.5,-0.79,576.79
2001-12-11,1.3,33523.2,9.44,100.88,0.0,11.47,4.34,827.5
2001-12-12,1.2,33523.2,2.0,166.4,0.0,13.0,4.0,800.0
2001-12-13,1.2,33523.2,3.0,99.2,0.0,14.0,7.0,1000.0
2001-12-14,1.2,33523.2,0.0,124.8,0.0,16.5,10.0,1240.0
2001-12-15,1.1,33523.2,0.81,210.09,0.0,18.0,5.67,920.0
2001-12-16,1.1,33523.2,0.0,211.2,0.0,9.5,-2.0,520.0
2001-12-17,1.1,33523.2,0.0,204.8,0.0,11.52,0.52,640.0
2001-12-18,1.3,33523.2,9.87,140.23,0.0,14.5,4.78,862.25
2001-12-19,1.1,33523.2,0.0,217.6,0.0,12.5,0.5,640.0
2001-12-20,1.0,33523.2,0.0,188.8,0.0,11.0,1.5,680.0
2001-12-21,1.0,33523.2,0.0,158.5,0.0,7.79,0.51,640.0
2001-12-22,0.97,33523.2,0.0,204.8,0.0,7.0,-3.0,480.0
2001-12-23,0.97,33523.2,0.0,243.2,0.0,10.0,-4.0,440.0
2001-12-24,1.4,33523.2,12.0,176.0,0.0,14.0,0.5,640.0
2001-12-25,1.1,33523.2,0.0,227.2,0.0,7.0,-5.0,440.0
2001-12-26,1.0,33523.2,0.0,198.4,0.0,5.0,-4.5,440.0
2001-12-27,1.0,33523.2,0.0,214.4,0.0,4.0,-6.5,360.0
2001-12-28,0.98,33523.2,0.0,243.2,0.0,6.0,-7.5,360.0
2001-12-29,0.92,33523.2,0.0,240.0,0.0,8.5,-5.0,440.0
2001-12-30,0.88,33523.2,0.0,232.96,0.0,7.0,-5.75,400.0
2001-12-31,0.85,33523.2,0.0,211.2,0.0,1.5,-9.0,320.0
2002-01-01,0.84,33523.2,0.0,218.44,0.0,1.5,-8.5,320.0
2002-01-02,0.84,33523.2,0.0,211.2,0.0,2.5,-7.0,360.0
2002-01-03,0.87,33523.2,0.0,179.2,0.0,2.0,-5.5,400.0
2002-01-04,0.84,33868.8,0.0,160.0,0.0,3.0,-3.5,480.0
2002-01-05,0.84,33868.8,0.0,243.22,0.0,7.0,-5.02,438.01
2002-01-06,1.3,33868.8,0.0,227.2,0.0,7.0,-3.5,480.0
2002-01-07,1.7,33868.8,18.0,85.95,0.0,4.5,0.02,601.91
2002-01-08,1.2,33868.8,1.0,172.8,0.0,3.5,-3.5,480.0
2002-01-09,1.3,33868.8,0.0,206.69,0.0,6.59,-2.3,520.0
2002-01-10,1.2,34191.29,0.0,188.8,0.0,11.0,3.0,760.0
2002-01-11,1.5,34214.4,5.0,127.89,0.0,11.5,4.51,840.67
2002-01-12,1.4,34214.4,7.62,185.3,0.0,10.0,-1.5,560.0
2002-01-13,1.3,34214.4,5.28,122.13,0.0,9.0,2.5,720.0
2002-01-14,1.2,34214.4,0.0,252.8,0.0,9.0,-3.0,480.0
2002-01-15,1.1,34560.0,0.0,249.39,0.0,11.75,0.0,600.0
2002-01-16,1.1,34560.0,0.0,243.2,0.0,10.5,-0.5,600.0
2002-01-17,1.1,34560.0,0.0,201.44,0.0,8.0,0.0,600.0
2002-01-18,1.1,34560.0,0.0,192.0,0.0,7.0,-0.5,600.0
2002-01-19,1.2,34905.6,0.48,237.1,0.0,5.0,-5.0,440.0
2002-01-20,1.6,34905.6,12.0,131.2,0.0,4.0,-2.5,520.0
2002-01-21,1.5,34905.6,0.0,193.68,0.0,4.75,-2.5,520.0
2002-01-22,1.5,34905.6,1.52,228.83,0.0,9.0,-0.13,600.0
2002-01-23,1.3,35251.2,1.0,235.07,0.0,10.5,1.0,640.0
2002-01-24,1.3,35251.2,2.0,201.64,0.0,13.84,6.0,920.0
2002-01-25,1.7,35251.2,7.1,204.8,0.0,15.5,3.0,760.0
2002-01-26,1.5,35596.8,0.0,278.4,0.0,12.0,-0.5,600.0
2002-01-27,1.4,35596.8,0.0,310.4,0.0,15.5,-2.0,520.0
2002-01-28,1.4,35596.8,0.0,300.96,0.0,18.59,2.97,758.0
2002-01-29,1.4,35919.29,0.0,291.2,0.0,21.0,6.5,960.01
2002-01-30,1.4,35942.4,0.0,265.6,0.0,23.0,11.0,1320.0
2002-01-31,1.4,35942.4,0.0,284.8,0.0,19.5,6.5,960.0
2002-02-01,1.6,36264.89,0.02,281.75,0.0,19.52,7.0,1000.0
2002-02-02,1.5,36288.0,1.0,332.8,0.0,21.5,-0.5,600.0
2002-02-03,1.6,36288.0,0.0,275.2,0.0,7.0,-4.0,440.0
2002-02-04,1.7,36633.6,0.0,268.8,0.0,8.0,-2.5,520.0
2002-02-05,1.4,36633.6,0.0,275.48,0.0,4.0,-6.52,360.0
2002-02-06,1.2,36633.6,0.0,274.31,0.0,5.5,-5.0,440.0
2002-02-07,1.7,36979.2,8.62,152.42,0.0,6.0,-1.0,560.0
2002-02-08,1.6,36979.2,6.67,214.55,0.0,9.5,-1.5,560.0
2002-02-09,1.4,36979.2,0.0,304.0,0.0,11.0,-1.5,560.0
2002-02-10,1.4,37324.8,0.0,306.92,0.0,13.98,1.0,640.0
2002-02-11,1.4,37324.8,4.0,233.6,0.0,15.5,2.0,720.0
2002-02-12,1.3,37670.4,0.0,342.4,0.0,10.0,-6.0,400.0
2002-02-13,1.2,37670.4,0.0,300.8,0.0,10.5,-1.5,560.0
2002-02-14,1.2,37670.4,0.0,332.8,0.0,7.0,-7.0,360.0
2002-02-15,1.2,38016.0,0.0,326.12,0.0,9.48,-4.0,440.0
2002-02-16,1.1,38016.0,0.0,282.14,0.0,13.86,3.0,760.0
2002-02-17,1.1,38361.6,0.0,289.98,0.0,13.0,1.79,702.93
2002-02-18,1.0,38361.6,0.0,308.53,0.0,8.88,-3.0,480.0
2002-02-19,1.0,38361.6,0.0,368.0,0.0,11.5,-6.0,400.0
2002-02-20,1.0,38707.2,0.0,318.13,0.0,16.0,2.76,741.11
2002-02-21,1.0,38707.2,0.0,278.18,0.0,18.99,8.0,1080.0
2002-02-22,0.99,39052.8,0.0,358.4,0.0,17.0,0.5,640.0
2002-02-23,0.92,39052.8,0.0,297.6,0.0,11.0,-0.5,600.0
2002-02-24,0.92,39052.8,0.0,327.85,0.0,10.0,-3.0,480.0
2002-02-25,0.92,39398.4,0.0,371.2,0.0,12.5,-4.0,440.0
2002-02-26,0.89,39398.4,0.0,340.47,0.0,17.5,3.4,792.04
2002-02-27,0.83,39744.0,0.0,368.0,0.0,17.0,1.0,640.0
2002-02-28,0.76,39744.0,0.0,252.8,0.0,5.0,-3.5,480.0
2002-03-01,0.76,40089.6,0.0,361.6,0.0,8.0,-6.0,400.0
2002-03-02,0.81,40089.6,0.0,357.14,0.0,10.76,-3.0,480.0
2002-03-03,1.8,40412.09,20.0,220.8,0.0,16.5,6.0,920.0
2002-03-04,1.3,40435.2,0.0,382.34,0.0,13.0,-2.12,520.0
2002-03-05,1.0,40435.2,0.0,358.41,0.0,4.24,-8.5,320.0
2002-03-06,0.99,40780.8,0.0,371.2,0.0,12.5,-1.5,560.0
2002-03-07,0.91,40780.8,0.0,364.8,0.0,18.0,4.0,800.0
2002-03-08,0.84,41126.4,0.0,415.93,0.0,20.0,1.5,680.0
2002-03-09,0.77,41126.4,0.0,355.2,0.0,21.5,7.5,1040.0
2002-03-10,0.8,41472.0,1.0,377.6,0.0,19.5,4.5,840.0
2002-03-11,0.69,41472.0,0.0,333.64,0.0,8.5,-3.0,480.0
2002-03-12,0.76,41472.0,0.0,345.6,0.0,11.0,-1.0,560.0
2002-03-13,0.95,41817.6,9.39,143.78,0.0,11.99,6.0,920.0
2002-03-14,0.88,41817.6,2.0,278.4,0.0,16.0,7.0,1000.0
2002-03-15,0.78,42163.2,0.0,377.6,0.0,21.0,7.0,1000.0
2002-03-16,0.75,42163.2,0.0,358.4,0.0,23.5,10.5,1280.0
2002-03-17,0.73,42508.8,2.0,425.6,0.0,20.5,3.5,798.09
2002-03-18,1.8,42508.8,19.0,96.0,0.0,7.5,4.0,800.01
2002-03-19,1.6,42854.4,7.0,116.06,0.0,9.5,5.22,897.31
2002-03-20,3.2,42854.4,14.0,172.8,0.0,11.5,5.0,880.0
2002-03-21,3.0,43200.0,12.0,216.88,0.0,13.0,4.78,862.25
2002-03-22,2.1,43200.0,0.0,448.0,0.0,11.0,-4.5,440.0
2002-03-23,2.0,43200.0,0.0,386.58,0.0,7.0,-4.5,440.0
2002-03-24,1.9,43545.6,0.0,444.54,0.0,13.5,-1.5,560.0
2002-03-25,1.9,43545.6,0.0,390.4,0.0,15.0,3.0,760.0
2002-03-26,2.0,43891.2,0.0,293.51,0.0,14.0,5.92,920.0
2002-03-27,3.8,43891.2,20.0,272.0,0.0,16.5,6.0,920.0
2002-03-28,2.5,44236.8,0.0,364.39,0.0,12.0,2.0,720.0
2002-03-29,2.3,44236.8,0.0,419.57,0.0,15.5,3.0,760.0
2002-03-30,2.2,44582.41,0.0,394.55,0.0,21.0,9.12,1169.36
2002-03-31,2.7,44582.41,11.0,277.58,0.0,20.0,9.5,1200.0
2002-04-01,4.1,44928.0,17.39,246.14,0.0,15.5,7.0,1000.0
2002-04-02,2.8,44928.0,0.0,480.0,0.0,17.5,1.5,680.0
2002-04-03,4.2,44928.0,0.0,432.0,0.0,23.5,10.0,1240.0
2002-04-04,4.3,45273.6,8.0,361.6,0.0,18.0,2.0,720.0
2002-04-05,3.3,45273.6,0.0,384.0,0.0,11.0,1.0,640.0
2002-04-06,3.0,45619.2,0.0,403.35,0.0,9.5,-1.0,560.0
2002-04-07,2.8,45619.2,0.0,453.76,0.0,9.96,-2.5,520.0
2002-04-08,2.8,45964.8,0.0,473.6,0.0,16.0,2.0,720.0
2002-04-09,2.8,45964.8,0.0,389.59,0.0,23.12,12.5,1440.0
2002-04-10,3.3,45987.9,13.0,326.4,0.0,23.0,10.5,1280.0
2002-04-11,2.9,46310.4,0.0,492.52,0.0,18.0,3.0,760.0
2002-04-12,2.7,46310.4,4.0,310.26,0.0,18.0,7.0,1000.0
2002-04-13,3.3,46656.0,9.76,300.8,0.0,22.5,11.5,1360.0
2002-04-14,3.2,46656.0,0.0,368.0,0.0,25.5,15.5,1760.0
2002-04-15,3.0,47001.6,1.0,376.91,0.0,27.5,17.0,1920.0
2002-04-16,2.8,47001.6,4.0,313.6,0.0,30.0,17.5,2000.0
2002-04-17,2.6,47347.19,0.0,459.99,0.0,32.88,17.0,1920.0
2002-04-18,2.5,47347.19,0.0,432.74,0.0,33.04,18.5,2120.0
2002-04-19,2.3,47347.19,0.0,416.51,0.0,30.04,17.0,1920.0
2002-04-20,2.1,47692.8,0.0,387.2,0.0,28.5,17.0,1920.0
2002-04-21,2.0,47692.8,0.1,448.35,0.0,24.36,11.0,1320.0
2002-04-22,2.1,48038.39,7.05,256.0,0.0,16.5,8.0,1080.0
2002-04-23,2.0,48038.39,0.0,463.99,0.0,17.49,4.5,840.0
2002-04-24,2.0,48038.39,0.0,489.6,0.0,15.5,1.5,680.0
2002-04-25,2.1,48384.0,0.33,439.06,0.0,16.5,4.5,840.0
2002-04-26,1.8,48384.0,6.0,362.93,0.0,16.5,2.61,728.94
2002-04-27,1.5,48729.6,0.0,463.21,0.0,17.61,4.5,840.0
2002-04-28,2.8,48729.6,40.02,294.68,0.0,20.5,10.0,1240.0
2002-04-29,5.1,48729.6,14.0,303.57,0.0,22.5,11.5,1360.0
2002-04-30,4.3,49075.19,0.0,454.68,0.0,17.0,4.5,840.0
2002-05-01,3.5,49075.19,0.0,445.08,0.0,20.5,8.0,1080.0
2002-05-02,8.0,49420.8,17.66,333.9,0.0,25.0,12.0,1400.0
2002-05-03,13.0,49420.8,33.0,342.4,0.0,25.5,12.0,1400.0
2002-05-04,5.3,49420.8,0.0,497.1,0.0,18.5,4.0,800.0
2002-05-05,4.8,49766.39,5.91,313.17,0.0,19.0,8.0,1080.0
2002-05-06,4.3,49766.39,0.0,469.98,0.0,21.5,8.0,1079.99
2002-05-07,3.8,49766.39,1.0,409.17,0.0,26.0,14.5,1640.0
2002-05-08,3.5,50112.0,0.0,384.0,0.0,26.0,15.5,1760.0
2002-05-09,3.5,50112.0,0.0,353.25,0.0,21.5,12.5,1440.0
2002-05-10,3.4,50135.1,2.04,359.82,0.0,23.5,14.09,1607.55
2002-05-11,3.2,50457.6,0.0,480.0,0.0,24.5,10.5,1280.0
2002-05-12,3.1,50457.6,0.0,478.39,0.0,25.69,11.5,1360.0
2002-05-13,3.4,50480.71,12.02,330.17,0.0,28.5,15.5,1760.0
2002-05-14,3.3,50803.2,13.05,374.1,0.0,26.0,10.52,1281.9
2002-05-15,2.9,50803.2,2.0,427.13,0.0,20.0,8.64,1130.9
2002-05-16,2.6,50803.2,0.0,493.06,0.0,24.5,9.5,1200.0
2002-05-17,2.3,51148.8,0.0,364.85,0.0,27.5,17.5,2000.0
2002-05-18,2.2,51148.8,12.38,378.74,0.0,25.68,10.0,1240.0
2002-05-19,2.0,51148.8,14.64,289.25,0.0,14.61,5.22,897.77
2002-05-20,1.8,51494.39,0.0,457.6,0.0,16.5,4.5,840.0
2002-05-21,1.9,51494.39,0.0,498.58,0.0,16.46,2.67,733.52
2002-05-22,1.9,51494.39,0.0,522.32,0.0,18.0,2.5,720.0
2002-05-23,2.0,51494.39,0.0,521.6,0.0,21.5,5.5,920.0
2002-05-24,2.0,51840.0,0.0,524.8,0.0,27.0,9.5,1200.0
2002-05-25,2.0,51840.0,0.0,428.8,0.0,27.5,15.0,1720.0
2002-05-26,2.0,51840.0,0.0,435.92,0.0,26.0,13.48,1556.46
2002-05-27,2.1,51840.0,0.0,425.75,0.0,28.5,16.0,1800.0
2002-05-28,1.9,52185.61,0.0,448.0,0.0,28.5,15.0,1720.0
2002-05-29,2.0,52185.61,0.0,425.61,0.0,28.5,15.98,1798.23
2002-05-30,2.0,52185.61,0.0,467.06,0.0,29.0,14.5,1640.0
2002-05-31,2.1,52185.61,0.0,438.26,0.0,30.5,17.0,1920.0
2002-06-01,1.9,52208.71,0.0,356.73,0.0,31.19,20.72,2435.17
2002-06-02,1.6,52531.2,0.0,435.2,0.0,31.5,18.0,2080.0
2002-06-03,1.5,52531.2,0.0,467.2,0.0,29.0,14.5,1640.0
2002-06-04,1.5,52531.2,0.0,348.8,0.0,26.5,17.0,1920.0
2002-06-05,1.7,52531.2,0.0,377.31,0.0,30.0,19.14,2221.81
2002-06-06,2.5,52531.2,12.71,296.11,0.0,32.99,20.9,2464.54
2002-06-07,2.3,52531.2,19.97,336.44,0.0,28.5,15.0,1720.0
2002-06-08,2.0,52876.8,0.0,407.29,0.0,22.0,11.0,1320.0
2002-06-09,1.9,52876.8,0.0,486.49,0.0,25.5,10.54,1283.34
2002-06-10,1.8,52876.8,0.0,450.45,0.0,28.79,15.0,1720.0
2002-06-11,1.7,52876.8,0.0,457.41,0.0,31.11,16.5,1880.0
2002-06-12,1.7,52876.8,0.0,387.2,0.0,33.0,21.0,2480.0
2002-06-13,1.9,52876.8,7.0,340.09,0.0,31.5,17.0,1920.0
2002-06-14,2.0,52876.8,11.01,137.6,0.0,20.5,16.0,1800.0
2002-06-15,1.9,52876.8,4.0,223.22,0.0,23.0,15.5,1760.0
2002-06-16,1.8,52876.8,5.0,327.95,0.0,26.0,13.59,1566.9
2002-06-17,1.6,52876.8,0.0,417.45,0.0,27.5,15.76,1781.03
2002-06-18,1.6,52876.8,0.0,457.6,0.0,27.5,14.0,1600.0
2002-06-19,1.6,52876.8,0.0,409.1,0.0,27.5,16.0,1800.0
2002-06-20,1.6,52876.8,2.45,397.18,0.0,28.19,15.0,1720.0
2002-06-21,1.5,52876.8,0.0,457.6,0.0,28.0,14.5,1640.0
2002-06-22,1.4,52876.8,0.0,474.32,0.0,29.0,14.5,1640.0
2002-06-23,1.2,52876.8,0.0,479.86,0.0,30.5,15.5,1760.0
2002-06-24,1.3,52876.8,0.0,442.32,0.0,33.5,19.5,2280.0
2002-06-25,1.4,52876.8,0.0,413.52,0.0,34.5,21.5,2560.0
2002-06-26,1.6,52876.8,0.0,397.48,0.0,35.0,22.57,2730.9
2002-06-27,1.2,52876.8,0.0,337.9,0.0,34.0,24.0,3000.0
2002-06-28,1.2,52876.8,2.0,352.72,0.0,31.5,21.5,2560.0
2002-06-29,1.1,52876.8,0.0,392.66,0.0,30.02,19.02,2203.81
2002-06-30,1.1,52876.8,0.0,454.58,0.0,31.0,17.29,1966.61
2002-07-01,1.0,52876.8,0.0,464.0,0.0,32.0,17.5,2000.0
2002-07-02,0.99,52876.8,0.0,441.6,0.0,34.0,20.0,2320.0
2002-07-03,0.96,52876.8,0.0,419.2,0.0,36.0,22.5,2720.0
2002-07-04,0.92,52876.8,0.0,419.63,0.0,37.0,23.0,2800.0
2002-07-05,0.82,52876.8,0.0,364.8,0.0,36.0,24.5,3080.0
2002-07-06,0.78,52531.2,0.0,468.71,0.0,32.0,16.92,1913.71
2002-07-07,0.81,52531.2,0.0,494.03,0.0,30.0,14.0,1600.0
2002-07-08,0.82,52531.2,0.0,499.2,0.0,32.0,15.0,1720.0
2002-07-09,0.81,52531.2,0.0,384.0,0.0,34.5,22.5,2720.0
2002-07-10,0.8,52531.2,4.0,281.6,0.0,33.5,22.0,2640.0
2002-07-11,0.72,52531.2,0.0,403.2,0.0,28.5,17.0,1920.0
2002-07-12,0.74,52185.61,0.0,508.8,0.0,28.0,11.5,1360.0
2002-07-13,0.75,52185.61,0.0,468.83,0.0,29.0,14.5,1640.0
2002-07-14,0.83,52185.61,4.0,233.6,0.0,27.5,19.0,2200.0
2002-07-15,0.82,52185.61,3.0,290.25,0.0,29.0,17.72,2034.61
2002-07-16,0.75,52185.61,0.0,399.43,0.0,32.96,20.48,2396.46
2002-07-17,0.7,51840.0,0.0,489.6,0.0,34.0,16.5,1844.58
2002-07-18,0.71,51840.0,0.0,371.2,0.0,35.0,23.0,2800.0
2002-07-19,0.72,51840.0,0.0,348.66,0.0,34.5,23.5,2880.0
2002-07-20,0.72,51840.0,0.0,368.0,0.0,33.5,22.0,2640.0
2002-07-21,0.64,51494.39,0.0,365.16,0.0,31.5,20.5,2400.0
2002-07-22,0.63,51494.39,0.0,432.0,0.0,33.0,19.0,2200.0
2002-07-23,0.66,51494.39,0.0,364.8,0.0,34.5,23.0,2800.0
2002-07-24,0.91,51171.91,20.57,267.95,0.0,32.0,21.38,2540.41
2002-07-25,1.3,51148.8,10.0,186.41,0.0,25.5,19.0,2200.0
2002-07-26,0.96,51148.8,3.0,233.46,0.0,24.5,16.5,1880.0
2002-07-27,1.1,51148.8,0.0,319.86,0.0,27.0,18.5,2120.0
2002-07-28,1.0,50803.2,27.98,268.8,0.0,32.0,21.5,2560.0
2002-07-29,0.83,50803.2,0.0,342.26,0.0,35.0,24.5,3080.0
2002-07-30,0.66,50803.2,0.0,342.4,0.0,35.0,24.5,3080.0
2002-07-31,0.62,50457.6,0.0,390.4,0.0,34.0,22.0,2640.0
2002-08-01,0.63,50457.6,0.0,436.53,0.0,35.5,21.0,2480.0
2002-08-02,0.61,50457.6,0.0,428.8,0.0,35.5,21.5,2440.23
2002-08-03,0.59,50112.0,0.0,409.46,0.0,35.0,22.0,2562.0
2002-08-04,0.58,50112.0,0.0,399.84,0.0,34.5,22.0,2562.0
2002-08-05,0.56,50112.0,0.0,384.0,0.0,35.0,23.0,2760.23
2002-08-06,0.61,49766.39,0.0,384.0,0.0,33.0,21.5,2522.0
2002-08-07,0.54,49766.39,0.0,458.2,0.0,27.96,14.5,1565.26
2002-08-08,0.53,49766.39,0.0,475.23,0.0,28.5,13.98,1501.53
2002-08-09,0.51,49420.8,0.0,486.4,0.0,29.5,14.0,1480.0
2002-08-10,0.49,49420.8,0.0,495.48,0.0,30.5,14.0,1465.95
2002-08-11,0.48,49075.19,0.0,487.58,0.0,32.0,15.5,1606.54
2002-08-12,0.46,49075.19,0.0,467.23,0.0,34.5,18.5,1917.93
2002-08-13,0.45,49075.19,0.0,438.44,0.0,35.99,21.0,2207.21
2002-08-14,0.42,48729.6,0.0,398.08,0.0,36.0,22.77,2546.58
2002-08-15,0.4,48729.6,0.0,361.6,0.0,34.5,23.0,2686.54
2002-08-16,0.37,48384.0,0.0,320.0,0.0,34.5,24.5,3054.4
2002-08-17,0.37,48384.0,0.0,335.84,0.0,35.0,24.5,2926.54
2002-08-18,0.38,48384.0,0.0,364.64,0.0,35.5,24.0,2646.54
2002-08-19,0.36,48038.39,0.0,376.44,0.0,35.5,23.5,2542.69
2002-08-20,0.35,48038.39,0.0,347.7,0.0,34.33,23.52,2642.2
2002-08-21,0.35,47692.8,0.0,393.6,0.0,32.0,20.0,2046.54
2002-08-22,0.32,47692.8,0.0,448.0,0.0,31.5,17.0,1602.0
2002-08-23,0.31,47692.8,0.0,316.8,0.0,32.0,22.5,2602.0
2002-08-24,0.27,47347.19,1.2,296.61,0.0,31.5,22.0,2555.46
2002-08-25,0.07,47347.19,0.0,345.6,0.0,31.0,20.5,2251.64
2002-08-26,0.05,47001.6,0.0,374.4,0.0,30.0,18.5,1936.18
2002-08-27,0.04,47001.6,0.0,374.4,0.0,29.5,18.0,1889.87
2002-08-28,0.05,46656.0,3.13,303.92,0.0,27.5,18.0,2019.51
2002-08-29,0.86,46656.0,59.0,128.0,0.0,22.0,17.5,2000.0
2002-08-30,0.52,46656.0,0.0,192.0,0.0,22.0,17.0,1920.0
2002-08-31,0.43,46310.4,0.0,281.6,0.0,23.5,16.0,1800.0
2002-09-01,19.0,46310.4,85.94,185.6,0.0,23.5,17.0,1920.0
2002-09-02,11.0,45964.8,45.41,176.0,0.0,23.5,17.5,2000.0
2002-09-03,3.3,45964.8,0.0,353.9,0.0,27.0,17.0,1920.0
2002-09-04,2.7,45619.2,0.0,331.08,0.0,31.0,21.19,2510.73
2002-09-05,2.4,45619.2,0.0,422.4,0.0,31.0,17.0,1920.0
2002-09-06,2.3,45619.2,0.0,416.0,0.0,28.0,15.0,1720.0
2002-09-07,2.1,45273.6,0.0,451.2,0.0,27.0,12.0,1400.0
2002-09-08,2.0,45273.6,0.0,438.4,0.0,27.5,13.0,1480.0
2002-09-09,2.1,44928.0,0.0,445.39,0.0,29.0,13.5,1560.0
2002-09-10,2.3,44928.0,0.0,406.98,0.0,30.5,16.98,1918.23
2002-09-11,2.2,44582.41,0.0,297.6,0.0,29.0,20.5,2400.0
2002-09-12,2.1,44582.41,0.0,435.06,0.0,26.0,12.0,1400.0
2002-09-13,2.1,44236.8,0.0,454.4,0.0,27.0,11.0,1320.0
2002-09-14,2.1,44236.8,0.0,396.66,0.0,27.5,15.0,1720.0
2002-09-15,2.4,43891.2,5.05,149.79,0.0,27.0,21.52,2563.81
2002-09-16,2.6,43891.2,28.0,176.0,0.0,27.5,21.0,2480.0
2002-09-17,1.9,43891.2,5.0,278.4,0.0,28.0,16.5,1880.0
2002-09-18,1.7,43545.6,0.0,405.94,0.0,28.0,14.52,1643.81
2002-09-19,1.6,43545.6,0.0,396.8,0.0,27.5,14.5,1640.0
2002-09-20,1.6,43200.0,0.0,390.19,0.0,28.5,15.5,1760.0
2002-09-21,1.5,43200.0,0.0,355.2,0.0,29.5,18.0,2080.0
2002-09-22,1.5,42854.4,0.0,386.99,0.0,30.0,16.5,1880.0
2002-09-23,1.4,42854.4,0.0,318.03,0.0,28.5,18.5,2120.0
2002-09-24,1.4,42508.8,0.0,373.41,0.0,25.5,13.38,1540.27
2002-09-25,1.3,42508.8,0.0,377.46,0.0,25.5,13.0,1480.0
2002-09-26,1.7,42508.8,0.0,236.48,0.0,22.5,15.84,1787.5
2002-09-27,1.7,42163.2,13.0,230.4,0.0,26.5,17.0,1920.0
2002-09-28,1.5,42163.2,3.0,230.4,0.0,28.0,18.0,2080.0
2002-09-29,1.4,41817.6,0.0,355.2,0.0,25.0,13.0,1480.0
2002-09-30,1.4,41817.6,0.0,374.55,0.0,25.0,11.5,1360.0
2002-10-01,1.3,41472.0,0.0,371.51,0.0,26.5,12.5,1440.0
2002-10-02,1.3,41472.0,0.0,342.26,0.0,29.0,16.0,1800.0
2002-10-03,1.2,41126.4,0.0,316.64,0.0,30.0,18.0,2080.0
2002-10-04,1.2,41126.4,0.0,284.8,0.0,29.5,19.0,2200.0
2002-10-05,1.1,40780.8,0.0,249.43,0.0,29.91,20.82,2451.19
2002-10-06,1.1,40780.8,0.0,365.17,0.0,28.8,13.52,1561.91
2002-10-07,1.1,40780.8,0.0,284.8,0.0,25.0,15.0,1720.0
2002-10-08,1.1,40435.2,0.0,371.2,0.0,24.5,9.5,1200.0
2002-10-09,1.1,40435.2,0.0,326.4,0.0,20.0,8.5,1120.01
2002-10-10,3.8,40089.6,29.0,99.95,0.0,19.5,15.46,1756.8
2002-10-11,7.4,40089.6,49.73,73.96,0.0,20.0,17.0,1920.0
2002-10-12,5.4,39744.0,15.98,108.8,0.0,21.5,17.0,1920.03
2002-10-13,3.5,39744.0,5.82,136.73,0.0,20.5,15.02,1721.91
2002-10-14,2.9,39744.0,0.0,306.41,0.0,18.5,8.5,1120.0
2002-10-15,2.8,39398.4,0.0,323.2,0.0,16.5,5.5,920.0
2002-10-16,8.4,39398.4,24.0,172.49,0.0,16.65,9.5,1200.0
2002-10-17,5.0,39052.8,15.93,192.43,0.0,16.6,8.5,1120.0
2002-10-18,4.0,39052.8,1.0,347.35,0.0,17.0,4.0,800.0
2002-10-19,3.8,38707.2,0.0,329.6,0.0,17.0,5.0,880.0
2002-10-20,3.7,38707.2,1.0,224.0,0.0,17.5,10.5,1280.0
2002-10-21,3.6,38707.2,0.0,227.2,0.0,15.0,8.0,1080.0
2002-10-22,3.4,38361.6,0.0,340.74,0.0,17.0,3.88,800.0
2002-10-23,3.4,38361.6,0.0,339.2,0.0,18.0,4.5,840.0
2002-10-24,3.3,38016.0,0.0,288.0,0.0,16.0,6.0,920.0
2002-10-25,3.3,38016.0,0.0,221.98,0.0,13.25,6.33,946.65
2002-10-26,6.5,38016.0,32.95,162.33,0.0,17.5,10.5,1280.0
2002-10-27,4.2,37670.4,0.0,297.46,0.0,18.0,7.0,1000.0
2002-10-28,3.8,37670.4,0.14,237.1,0.0,15.5,7.5,1040.0
2002-10-29,4.3,37324.8,7.0,124.8,0.0,11.0,6.0,920.0
2002-10-30,7.2,37324.8,21.0,126.29,0.0,9.43,4.5,840.0
2002-10-31,6.7,37324.8,8.0,162.74,0.0,9.0,2.5,720.0
2002-11-01,5.2,36979.2,0.0,300.75,0.0,11.25,0.5,640.0
2002-11-02,4.7,36979.2,0.0,288.36,0.0,10.5,0.5,640.0
2002-11-03,4.6,36633.6,0.0,296.9,0.0,10.0,-0.7,584.36
2002-11-04,4.6,36633.6,0.19,297.46,0.0,11.5,0.5,640.0
2002-11-05,4.6,36633.6,0.0,288.73,0.0,11.0,0.5,640.0
2002-11-06,8.0,36288.0,20.08,166.15,0.0,13.18,6.0,920.0
2002-11-07,5.5,36288.0,0.0,242.45,0.0,13.0,5.0,880.0
2002-11-08,4.7,36288.0,0.0,307.2,0.0,14.5,1.5,680.0
2002-11-09,4.6,35942.4,0.0,277.94,0.0,17.5,6.5,960.0
2002-11-10,4.6,35942.4,0.0,237.56,0.0,21.24,12.0,1400.0
2002-11-11,6.1,35942.4,0.52,162.97,0.0,22.0,15.96,1796.8
2002-11-12,12.0,35596.8,19.24,160.0,0.0,19.5,11.5,1360.0
2002-11-13,12.0,35596.8,22.95,105.66,0.0,12.67,8.0,1080.0
2002-11-14,7.2,35596.8,0.0,288.0,0.0,14.0,1.0,640.0
2002-11-15,6.0,35251.2,0.0,249.87,0.0,15.52,5.5,920.0
2002-11-16,7.4,35251.2,16.0,151.39,0.0,15.0,7.5,1040.0
2002-11-17,34.0,35251.2,44.0,137.6,0.0,12.5,6.0,920.0
2002-11-18,17.0,35228.09,11.39,124.21,0.0,9.0,3.5,800.0
2002-11-19,9.7,34905.6,0.0,288.0,0.0,12.0,-2.0,520.0
2002-11-20,8.3,34905.6,0.0,284.8,0.0,14.0,-0.5,600.0
2002-11-21,7.8,34905.6,0.0,277.81,0.0,15.0,1.09,647.39
2002-11-22,10.0,34560.0,11.18,152.08,0.0,14.5,6.62,969.48
2002-11-23,8.5,34560.0,0.78,217.6,0.0,11.0,2.5,720.0
2002-11-24,7.4,34560.0,0.0,249.6,0.0,11.5,0.5,640.0
2002-11-25,6.7,34560.0,0.0,275.04,0.0,16.0,1.0,640.0
2002-11-26,6.5,34214.4,0.0,240.0,0.0,14.5,3.5,800.0
2002-11-27,6.5,34214.4,3.64,118.4,0.0,8.0,2.0,720.0
2002-11-28,6.0,34214.4,0.0,224.0,0.0,5.5,-4.0,440.0
2002-11-29,5.9,34214.4,0.0,235.65,0.0,6.0,-4.5,440.0
2002-11-30,5.9,34214.4,0.0,198.61,0.0,10.0,1.5,680.0
2002-12-01,5.5,33868.8,2.0,230.19,0.0,9.5,-1.0,560.0
2002-12-02,5.4,33868.8,0.0,230.4,0.0,6.5,-4.0,440.0
2002-12-03,5.2,33868.8,0.0,240.0,0.0,7.5,-4.0,440.0
2002-12-04,5.0,33868.8,0.0,199.56,0.0,0.0,-8.28,320.0
2002-12-05,5.6,33868.8,11.0,144.09,0.0,1.0,-5.93,400.0
2002-12-06,5.5,33868.8,9.91,116.62,0.0,2.0,-3.5,480.0
2002-12-07,5.2,33523.2,0.0,287.51,0.0,4.0,-10.5,280.0
2002-12-08,5.1,33523.2,0.0,277.85,0.0,7.5,-6.04,396.8
2002-12-09,4.9,33523.2,0.0,271.2,0.0,7.0,-6.0,400.0
2002-12-10,4.7,33523.2,0.0,207.81,0.0,1.0,-7.0,360.0
2002-12-11,14.0,33523.2,18.23,136.4,0.0,5.0,-1.98,521.91
2002-12-12,16.0,33523.2,21.47,119.68,0.0,7.5,1.5,680.0
2002-12-13,9.4,33523.2,0.38,221.65,0.0,8.0,-1.5,560.0
2002-12-14,17.0,33523.2,14.0,150.4,0.0,12.0,2.5,720.0
2002-12-15,9.2,33523.2,0.0,134.19,0.0,8.5,3.0,760.0
2002-12-16,8.0,33523.2,0.0,153.75,0.0,8.5,2.0,720.0
2002-12-17,7.1,33523.2,0.0,214.26,0.0,5.5,-4.5,440.0
2002-12-18,6.8,33523.2,0.0,218.04,0.0,4.0,-6.5,360.0
2002-12-19,6.6,33523.2,0.0,246.4,0.0,9.5,-4.5,440.0
2002-12-20,9.0,33523.2,11.0,170.45,0.0,16.5,4.25,819.67
2002-12-21,8.2,33523.2,10.48,178.9,0.0,14.0,1.0,640.0
2002-12-22,7.0,33523.2,0.0,208.7,0.0,12.3,2.0,720.0
2002-12-23,6.6,33523.2,0.0,224.57,0.0,12.0,0.38,630.15
2002-12-24,6.3,33523.2,0.0,183.75,0.0,8.0,-0.24,600.0
2002-12-25,12.0,33523.2,17.24,124.93,0.0,7.15,0.14,610.9
2002-12-26,9.4,33523.2,4.95,111.16,0.0,6.5,0.5,640.0
2002-12-27,7.4,33523.2,0.0,169.6,0.0,5.0,-2.0,520.0
2002-12-28,6.9,33523.2,0.0,211.2,0.0,5.0,-4.5,440.0
2002-12-29,6.7,33523.2,0.0,207.84,0.0,7.0,-2.24,520.0
2002-12-30,6.3,33523.2,0.0,242.93,0.0,8.5,-4.0,440.0
2002-12-31,6.2,33523.2,0.0,233.28,0.0,12.97,1.0,640.0
2003-01-01,7.4,33523.2,12.0,140.8,0.0,14.5,6.5,960.0
2003-01-02,8.9,33523.2,7.0,156.8,0.0,12.0,3.0,760.0
2003-01-03,9.4,33523.2,5.95,99.2,0.0,8.0,3.0,760.0
2003-01-04,8.6,33868.8,6.07,125.29,0.0,7.5,1.0,640.0
2003-01-05,7.3,33868.8,0.0,153.17,0.0,2.65,-3.0,480.0
2003-01-06,7.1,33868.8,2.0,124.8,0.0,2.5,-2.0,520.0
2003-01-07,6.7,33868.8,0.0,173.29,0.0,2.5,-4.0,440.0
2003-01-08,6.7,33868.8,0.0,224.49,0.0,7.5,-2.0,520.0
2003-01-09,6.4,33868.8,0.0,249.56,0.0,13.5,1.5,680.0
2003-01-10,6.1,34191.29,0.0,255.72,0.0,12.96,0.5,640.0
2003-01-11,5.7,34214.4,0.0,243.2,0.0,6.5,-4.0,440.0
2003-01-12,5.7,34214.4,0.0,191.86,0.0,1.0,-6.0,400.0
2003-01-13,5.7,34214.4,0.0,262.4,0.0,4.5,-7.5,360.0
2003-01-14,5.6,34214.4,0.0,249.6,0.0,4.5,-6.0,400.0
2003-01-15,5.4,34560.0,0.0,195.2,0.0,0.5,-6.5,360.0
2003-01-16,5.3,34560.0,0.0,207.86,0.0,-0.5,-8.0,320.0
2003-01-17,5.4,34560.0,3.53,156.66,0.0,-0.5,-7.0,360.0
2003-01-18,5.1,34560.0,0.0,301.65,0.0,-2.0,-13.5,200.0
2003-01-19,5.1,34905.6,0.0,291.2,0.0,-2.5,-13.0,240.0
2003-01-20,5.1,34905.6,0.0,265.6,0.0,3.0,-6.0,400.0
2003-01-21,4.9,34905.6,0.0,268.8,0.0,2.0,-7.0,360.0
2003-01-22,4.8,34905.6,0.0,259.13,0.0,-2.5,-10.74,280.0
2003-01-23,4.6,35251.2,0.0,240.67,0.0,-3.68,-11.0,280.0
2003-01-24,4.5,35251.2,0.0,289.06,0.0,-1.91,-11.5,240.0
2003-01-25,4.6,35251.2,0.0,323.87,0.0,1.5,-10.58,280.0
2003-01-26,4.6,35596.8,0.0,323.34,0.0,4.0,-8.02,320.0
2003-01-27,4.5,35596.8,0.0,345.14,0.0,3.88,-10.08,280.0
2003-01-28,4.5,35596.8,0.0,332.8,0.0,-2.0,-14.0,200.0
2003-01-29,4.6,35919.29,1.0,240.0,0.0,2.5,-4.5,440.0
2003-01-30,4.6,35942.4,1.0,167.2,0.0,2.5,-2.03,520.0
2003-01-31,4.6,35942.4,3.0,99.32,0.0,2.9,-0.98,561.9
2003-02-01,5.6,36264.89,6.1,92.8,0.0,4.0,0.5,640.0
2003-02-02,5.7,36288.0,13.0,137.71,0.0,6.5,1.0,640.0
2003-02-03,4.7,36288.0,0.0,284.8,0.0,8.5,-1.5,560.0
2003-02-04,6.7,36633.6,0.0,288.0,0.0,11.5,1.0,640.0
2003-02-05,5.5,36633.6,9.06,247.26,0.0,8.5,-2.5,520.0
2003-02-06,4.9,36633.6,0.0,249.96,0.0,2.05,-5.83,400.0
2003-02-07,5.0,36979.2,15.0,149.38,0.0,2.0,-3.78,457.58
2003-02-08,4.7,36979.2,0.0,283.76,0.0,0.5,-8.48,320.0
2003-02-09,4.6,36979.2,0.0,339.36,0.0,3.5,-9.53,280.0
2003-02-10,4.8,37324.8,1.21,234.63,0.0,4.0,-3.5,480.0
2003-02-11,4.7,37324.8,0.0,243.0,0.0,2.98,-4.0,440.0
2003-02-12,4.5,37670.4,0.0,319.38,0.0,4.0,-6.45,363.9
2003-02-13,4.4,37670.4,0.0,342.4,0.0,3.0,-9.0,320.0
2003-02-14,4.4,37670.4,0.0,358.4,0.0,3.5,-10.0,280.0
2003-02-15,4.8,38016.0,10.7,187.28,0.0,3.0,-4.0,440.0
2003-02-16,4.7,38016.0,20.91,214.56,0.0,-1.5,-8.5,320.0
2003-02-17,5.4,38361.6,33.3,235.34,0.0,0.96,-6.5,360.0
2003-02-18,5.0,38361.6,21.02,200.03,0.0,2.0,-3.95,443.9
2003-02-19,4.9,38361.6,0.0,393.58,0.0,4.5,-6.0,400.0
2003-02-20,5.2,38707.2,0.0,366.98,0.0,7.5,-1.78,537.58
2003-02-21,5.6,38707.2,0.0,429.83,0.0,9.0,-4.0,440.0
2003-02-22,14.0,39052.8,25.45,249.58,0.0,8.5,0.5,640.0
2003-02-23,43.0,39052.8,19.0,310.38,0.0,14.0,2.0,720.0
2003-02-24,33.0,39052.8,0.0,463.93,0.0,11.99,-4.5,440.0
2003-02-25,22.0,39398.4,0.0,417.88,0.0,8.5,-3.0,480.0
2003-02-26,14.0,39398.4,0.0,240.16,0.0,0.5,-4.5,440.0
2003-02-27,11.0,39744.0,3.0,151.51,0.0,0.5,-3.5,480.0
2003-02-28,10.0,39744.0,7.98,153.6,0.0,2.0,-2.0,520.0
2003-03-01,10.0,40089.6,0.0,325.45,0.0,5.39,-1.5,560.0
2003-03-02,21.0,40089.6,8.0,257.75,0.0,9.09,1.52,681.91
2003-03-03,18.0,40412.09,0.0,467.58,0.0,8.0,-5.5,400.0
2003-03-04,11.0,40435.2,0.0,462.26,0.0,4.02,-8.59,320.0
2003-03-05,17.0,40435.2,8.0,351.41,0.0,14.5,0.18,614.21
2003-03-06,22.0,40780.8,7.91,338.89,0.0,15.0,2.05,720.0
2003-03-07,15.0,40780.8,7.56,281.6,0.0,4.0,-4.5,440.0
2003-03-08,12.0,41126.4,0.0,447.09,0.0,7.59,-4.0,440.0
2003-03-09,11.0,41126.4,0.0,464.38,0.0,15.0,1.5,680.0
2003-03-10,9.5,41472.0,0.0,505.65,0.0,12.0,-4.95,440.0
2003-03-11,8.7,41472.0,0.0,428.81,0.0,3.5,-7.0,360.0
2003-03-12,8.4,41472.0,0.0,454.4,0.0,10.0,-2.02,520.0
2003-03-13,8.0,41817.6,0.0,452.46,0.0,15.59,3.0,760.0
2003-03-14,7.4,41817.6,0.0,492.8,0.0,13.0,-2.0,520.0
2003-03-15,7.0,42163.2,0.0,502.58,0.0,12.03,-3.5,480.0
2003-03-16,7.1,42163.2,0.0,499.2,0.0,18.0,2.0,720.0
2003-03-17,11.0,42508.8,17.1,278.77,0.0,18.5,9.0,1160.0
2003-03-18,8.4,42508.8,0.0,378.39,0.0,18.5,7.54,1043.34
2003-03-19,7.5,42854.4,0.0,355.88,0.0,14.0,4.0,800.0
2003-03-20,8.8,42854.4,11.08,234.82,0.0,11.24,3.0,760.0
2003-03-21,10.0,43200.0,7.0,214.4,0.0,16.0,8.5,1120.0
2003-03-22,8.8,43200.0,0.0,365.84,0.0,18.5,8.0,1080.0
2003-03-23,7.7,43200.0,0.0,393.6,0.0,17.5,6.0,920.0
2003-03-24,7.1,43545.6,0.0,418.15,0.0,17.17,4.5,840.0
2003-03-25,6.8,43545.6,0.0,459.69,0.0,18.0,2.5,720.0
2003-03-26,6.8,43891.2,0.0,432.0,0.0,22.5,8.5,1120.0
2003-03-27,6.7,43891.2,5.0,352.14,0.0,20.5,3.98,800.0
2003-03-28,6.5,44236.8,2.0,419.2,0.0,16.0,3.5,800.0
2003-03-29,6.7,44236.8,5.0,278.4,0.0,21.0,10.0,1240.0
2003-03-30,7.6,44582.41,18.91,339.2,0.0,18.5,3.5,800.0
2003-03-31,7.3,44582.41,5.0,217.6,0.0,7.5,0.0,600.0
2003-04-01,6.8,44928.0,0.0,448.62,0.0,12.05,-2.0,520.0
2003-04-02,6.6,44928.0,0.0,461.81,0.0,21.49,5.41,912.79
2003-04-03,6.2,44928.0,0.0,464.66,0.0,23.87,7.13,1010.79
2003-04-04,6.1,45273.6,0.0,313.47,0.0,14.46,6.0,920.0
2003-04-05,5.9,45273.6,0.0,263.54,0.0,12.5,5.76,920.0
2003-04-06,5.7,45619.2,0.0,367.85,0.0,14.0,4.0,800.0
2003-04-07,6.7,45619.2,10.61,222.98,0.0,10.99,3.5,800.0
2003-04-08,7.0,45964.8,7.86,89.6,0.0,5.5,3.0,760.0
2003-04-09,16.0,45964.8,19.61,105.6,0.0,5.5,2.5,720.0
2003-04-10,11.0,45987.9,8.0,138.94,0.0,7.04,3.0,760.0
2003-04-11,25.0,46310.4,21.0,140.8,0.0,8.0,4.0,800.0
2003-04-12,18.0,46310.4,9.0,294.4,0.0,15.5,6.0,920.0
2003-04-13,11.0,46656.0,0.0,480.04,0.0,19.03,5.5,920.0
2003-04-14,9.1,46656.0,0.0,518.4,0.0,18.0,2.0,720.0
2003-04-15,8.3,47001.6,0.0,518.25,0.0,23.0,6.0,920.0
2003-04-16,7.5,47001.6,0.0,483.06,0.0,28.0,12.5,1440.0
2003-04-17,6.8,47347.19,0.0,537.6,0.0,27.0,6.0,920.0
2003-04-18,6.5,47347.19,3.0,157.23,0.0,8.5,4.0,800.0
2003-04-19,6.3,47347.19,1.0,313.29,0.0,12.5,5.5,920.0
2003-04-20,6.1,47692.8,0.0,467.06,0.0,17.0,4.5,840.0
2003-04-21,5.9,47692.8,0.0,475.95,0.0,18.0,4.88,870.2
2003-04-22,5.7,48038.39,1.0,425.46,0.0,20.0,9.0,1160.0
2003-04-23,5.3,48038.39,0.0,456.17,0.0,19.1,7.0,999.77
2003-04-24,5.1,48038.39,0.0,499.2,0.0,17.0,3.0,760.0
2003-04-25,5.1,48384.0,0.0,494.42,0.0,20.0,6.0,920.0
2003-04-26,5.4,48384.0,9.0,259.2,0.0,19.0,11.0,1320.0
2003-04-27,5.0,48729.6,0.0,383.11,0.0,19.5,10.5,1280.0
2003-04-28,4.8,48729.6,0.0,544.0,0.0,24.0,5.5,920.0
2003-04-29,4.7,48729.6,0.0,483.2,0.0,26.0,12.0,1400.0
2003-04-30,4.5,49075.19,0.0,492.8,0.0,25.0,10.5,1280.0
2003-05-01,4.5,49075.19,0.0,467.2,0.0,24.5,11.5,1360.0
2003-05-02,4.4,49420.8,0.0,441.6,0.0,26.5,14.5,1640.0
2003-05-03,4.1,49420.8,0.0,459.73,0.0,23.11,11.0,1320.0
2003-05-04,4.0,49420.8,0.0,432.42,0.0,17.0,6.67,973.35
2003-05-05,4.0,49766.39,0.0,512.0,0.0,16.5,2.5,720.0
2003-05-06,4.1,49766.39,2.0,348.44,0.0,16.38,8.5,1120.0
2003-05-07,4.8,49766.39,0.0,476.8,0.0,23.0,10.0,1240.0
2003-05-08,5.4,50112.0,11.91,320.0,0.0,25.5,14.0,1600.0
2003-05-09,4.6,50112.0,0.0,376.75,0.0,20.87,11.5,1360.0
2003-05-10,4.3,50135.1,3.0,246.4,0.0,20.0,12.0,1400.0
2003-05-11,4.3,50457.6,2.0,390.4,0.0,25.5,15.0,1720.0
2003-05-12,4.0,50457.6,0.0,432.63,0.0,26.88,14.51,1641.35
2003-05-13,3.9,50480.71,0.0,358.4,0.0,21.0,12.0,1400.0
2003-05-14,4.0,50803.2,0.0,454.4,0.0,20.0,8.0,1080.0
2003-05-15,3.9,50803.2,0.0,466.97,0.0,21.49,8.88,1150.2
2003-05-16,11.0,50803.2,30.1,227.2,0.0,19.0,12.0,1400.0
2003-05-17,7.3,51148.8,30.0,163.2,0.0,13.0,8.5,1120.0
2003-05-18,6.0,51148.8,2.0,220.8,0.0,12.0,7.5,1040.0
2003-05-19,5.4,51148.8,2.0,476.85,0.0,18.0,6.0,920.0
2003-05-20,5.1,51494.39,0.0,550.4,0.0,22.5,5.5,920.0
2003-05-21,5.2,51494.39,0.0,464.0,0.0,22.5,10.5,1280.0
2003-05-22,5.6,51494.39,10.36,192.0,0.0,17.5,12.0,1400.0
2003-05-23,6.2,51494.39,7.0,115.2,0.0,14.0,11.0,1320.0
2003-05-24,6.0,51840.0,3.0,217.6,0.0,17.0,11.0,1320.0
2003-05-25,5.7,51840.0,4.0,232.75,0.0,18.37,12.0,1400.0
2003-05-26,13.0,51840.0,22.95,188.8,0.0,17.5,12.5,1440.0
2003-05-27,7.3,51840.0,2.44,370.79,0.0,18.0,9.0,1160.0
2003-05-28,8.9,52185.61,6.0,303.78,0.0,19.0,10.51,1280.67
2003-05-29,7.9,52185.61,9.73,319.44,0.0,20.0,10.92,1313.71
2003-05-30,6.9,52185.61,2.0,486.19,0.0,24.0,12.38,1430.2
2003-05-31,6.6,52185.61,0.0,455.17,0.0,25.0,14.5,1640.0
2003-06-01,10.0,52208.71,7.0,329.6,0.0,22.5,13.0,1480.0
2003-06-02,6.5,52531.2,0.0,478.81,0.0,20.5,9.92,1233.71
2003-06-03,5.9,52531.2,0.0,458.41,0.0,21.5,11.5,1360.0
2003-06-04,8.3,52531.2,9.57,249.02,0.0,19.5,13.22,1515.17
2003-06-05,13.0,52531.2,8.0,310.4,0.0,22.0,13.5,1560.0
2003-06-06,7.3,52531.2,0.0,512.0,0.0,24.5,12.0,1400.0
2003-06-07,22.0,52531.2,40.0,322.22,0.0,23.5,14.5,1640.0
2003-06-08,35.0,52876.8,42.9,271.5,0.0,22.0,15.0,1720.0
2003-06-09,13.0,52876.8,0.0,456.51,0.0,24.5,14.5,1640.0
2003-06-10,9.7,52876.8,0.0,483.06,0.0,27.0,15.5,1760.0
2003-06-11,8.4,52876.8,0.0,480.0,0.0,29.5,17.5,2000.0
2003-06-12,8.3,52876.8,6.04,336.0,0.0,31.0,20.0,2320.0
2003-06-13,7.6,52876.8,4.0,308.77,0.0,30.5,21.0,2480.0
2003-06-14,7.3,52876.8,3.02,297.6,0.0,30.5,21.5,2560.0
2003-06-15,6.8,52876.8,0.0,405.94,0.0,29.5,20.41,2385.57
2003-06-16,6.6,52876.8,0.0,395.97,0.0,24.72,16.5,1880.0
2003-06-17,6.6,52876.8,0.0,359.57,0.0,20.0,13.05,1487.79
2003-06-18,8.5,52876.8,13.39,286.66,0.0,22.07,14.5,1640.0
2003-06-19,9.8,52876.8,16.82,252.8,0.0,24.5,18.0,2080.0
2003-06-20,11.0,52876.8,10.13,272.0,0.0,24.5,17.5,2000.0
2003-06-21,10.0,52876.8,14.0,304.46,0.0,23.0,15.0,1720.0
2003-06-22,8.9,52876.8,7.0,313.6,0.0,23.5,15.0,1720.0
2003-06-23,7.6,52876.8,0.0,489.6,0.0,28.0,16.0,1800.0
2003-06-24,6.8,52876.8,0.0,498.62,0.0,32.5,18.5,2120.0
2003-06-25,6.3,52876.8,0.0,497.41,0.0,33.72,19.0,2200.0
2003-06-26,6.1,52876.8,0.0,463.84,0.0,34.0,21.01,2481.35
2003-06-27,5.9,52876.8,0.0,441.46,0.0,34.0,22.0,2640.0
2003-06-28,5.7,52876.8,0.0,441.6,0.0,31.5,20.0,2320.0
2003-06-29,5.6,52876.8,0.0,441.38,0.0,29.49,18.5,2120.0
2003-06-30,5.4,52876.8,0.0,412.8,0.0,32.0,21.5,2560.0
2003-07-01,5.4,52876.8,2.07,446.7,0.0,31.5,19.5,2280.0
2003-07-02,7.0,52876.8,0.0,419.2,0.0,28.0,18.0,2080.0
2003-07-03,31.0,52876.8,44.0,268.8,0.0,27.0,19.0,2200.0
2003-07-04,10.0,52876.8,7.0,294.4,0.0,30.0,20.5,2400.0
2003-07-05,7.4,52876.8,0.0,390.4,0.0,33.0,23.0,2800.0
2003-07-06,6.3,52531.2,0.0,388.0,0.0,33.5,23.47,2876.0
2003-07-07,5.8,52531.2,3.0,323.2,0.0,33.0,21.5,2560.0
2003-07-08,5.4,52531.2,0.0,390.4,0.0,32.5,22.5,2720.0
2003-07-09,5.3,52531.2,0.0,400.0,0.0,33.0,22.5,2720.0
2003-07-10,5.6,52531.2,17.24,321.21,0.0,31.09,20.0,2320.0
2003-07-11,5.0,52531.2,2.0,331.32,0.0,28.22,20.72,2435.17
2003-07-12,4.6,52185.61,0.0,456.05,0.0,30.5,18.5,2120.0
2003-07-13,4.4,52185.61,0.0,444.58,0.0,29.99,18.5,2120.0
2003-07-14,4.8,52185.61,14.0,288.0,0.0,28.0,19.0,2200.0
2003-07-15,4.5,52185.61,0.0,387.25,0.0,27.0,18.0,2080.0
2003-07-16,4.2,52185.61,0.0,413.72,0.0,30.5,20.0,2320.0
2003-07-17,3.9,51840.0,0.0,438.58,0.0,31.19,19.5,2280.0
2003-07-18,3.8,51840.0,0.0,476.8,0.0,30.5,17.0,1920.0
2003-07-19,6.0,51840.0,4.59,307.2,0.0,29.5,19.0,2200.0
2003-07-20,4.3,51840.0,0.0,444.8,0.0,29.5,17.5,2000.0
2003-07-21,4.0,51494.39,0.0,422.25,0.0,31.0,19.5,2280.0
2003-07-22,3.9,51494.39,0.0,307.25,0.0,32.0,24.0,3000.0
2003-07-23,4.0,51494.39,7.98,243.2,0.0,29.5,21.5,2560.0
2003-07-24,4.3,51171.91,5.0,222.81,0.0,27.52,20.56,2410.32
2003-07-25,3.7,51148.8,0.0,427.58,0.0,29.02,18.0,2080.0
2003-07-26,3.5,51148.8,0.0,452.72,0.0,31.0,18.5,2120.0
2003-07-27,3.6,51148.8,0.0,373.21,0.0,32.0,22.34,2693.94
2003-07-28,3.8,50803.2,0.0,323.2,0.0,31.5,23.5,2880.0
2003-07-29,5.4,50803.2,29.95,304.0,0.0,28.5,18.5,2120.0
2003-07-30,4.3,50803.2,6.0,247.96,0.0,25.5,18.12,2089.36
2003-07-31,4.1,50457.6,4.0,190.97,0.0,25.0,19.53,2282.58
2003-08-01,3.9,50457.6,1.86,328.19,0.0,28.5,21.0,2480.0
2003-08-02,3.7,50457.6,2.0,320.0,0.0,30.0,22.5,2720.0
2003-08-03,4.3,50112.0,2.0,326.95,0.0,30.5,22.76,2761.88
2003-08-04,4.2,50112.0,6.0,242.61,0.0,30.0,22.5,2720.0
2003-08-05,6.7,50112.0,9.56,218.68,0.0,28.5,22.0,2640.0
2003-08-06,5.3,49766.39,16.0,310.81,0.0,28.5,18.5,2120.0
2003-08-07,5.3,49766.39,10.0,257.12,0.0,27.57,19.92,2313.71
2003-08-08,5.7,49766.39,17.0,268.8,0.0,27.5,19.5,2280.0
2003-08-09,4.7,49420.8,0.0,316.66,0.0,29.0,22.0,2640.0
2003-08-10,4.7,49420.8,11.05,236.8,0.0,29.0,22.0,2640.0
2003-08-11,4.3,49075.19,7.22,256.0,0.0,28.5,21.0,2480.0
2003-08-12,4.2,49075.19,0.0,359.01,0.0,29.02,21.0,2480.0
2003-08-13,4.1,49075.19,0.0,364.51,0.0,29.86,21.5,2560.0
2003-08-14,3.7,48729.6,0.0,403.2,0.0,31.5,21.5,2560.0
2003-08-15,3.6,48729.6,0.0,428.8,0.0,33.0,21.5,2560.0
2003-08-16,4.4,48384.0,0.0,403.2,0.0,31.5,21.5,2560.0
2003-08-17,4.3,48384.0,26.0,309.88,0.0,30.0,20.0,2320.0
2003-08-18,3.7,48384.0,0.0,416.77,0.0,29.0,18.98,2196.46
2003-08-19,3.5,48038.39,0.0,432.0,0.0,28.5,18.0,2080.0
2003-08-20,3.4,48038.39,0.0,438.26,0.0,29.5,18.5,2120.0
2003-08-21,3.3,47692.8,0.0,420.23,0.0,30.82,20.09,2334.26
2003-08-22,3.2,47692.8,0.0,406.4,0.0,32.0,21.5,2560.0
2003-08-23,3.1,47692.8,4.18,344.64,0.0,31.5,20.5,2400.0
2003-08-24,3.0,47347.19,0.0,486.4,0.0,28.0,14.0,1600.0
2003-08-25,2.9,47347.19,0.0,489.46,0.0,28.5,14.0,1600.0
2003-08-26,2.9,47001.6,0.0,432.0,0.0,31.0,19.0,2200.0
2003-08-27,3.1,47001.6,6.0,307.66,0.0,31.05,20.0,2320.0
2003-08-28,3.0,46656.0,5.0,307.2,0.0,30.5,19.5,2280.0
2003-08-29,2.8,46656.0,8.0,307.2,0.0,31.5,20.0,2320.0
2003-08-30,3.0,46656.0,10.0,272.42,0.0,32.5,22.48,2716.46
2003-08-31,3.2,46310.4,11.1,316.66,0.0,30.0,18.0,2080.0
2003-09-01,2.9,46310.4,0.0,335.81,0.0,27.74,19.3,2247.38
2003-09-02,2.8,45964.8,0.0,333.18,0.0,29.96,21.22,2515.54
2003-09-03,3.0,45964.8,6.3,268.8,0.0,28.5,19.0,2200.0
2003-09-04,4.1,45619.2,14.67,198.26,0.0,27.5,21.0,2480.0
2003-09-05,3.4,45619.2,6.0,243.2,0.0,25.5,17.5,2000.0
2003-09-06,2.9,45619.2,0.0,406.26,0.0,25.5,14.5,1640.0
2003-09-07,2.8,45273.6,0.0,438.68,0.0,26.0,12.98,1478.23
2003-09-08,2.7,45273.6,0.0,444.66,0.0,27.5,13.5,1560.0
2003-09-09,2.5,44928.0,0.0,361.25,0.0,26.0,16.07,1811.12
2003-09-10,2.5,44928.0,0.0,355.2,0.0,23.5,14.0,1600.0
2003-09-11,2.5,44582.41,0.0,441.6,0.0,25.0,11.0,1320.0
2003-09-12,3.2,44582.41,3.33,257.4,0.0,24.0,16.72,1897.54
2003-09-13,4.8,44236.8,23.04,198.4,0.0,25.5,18.5,2120.0
2003-09-14,3.6,44236.8,0.0,304.0,0.0,28.0,19.5,2280.0
2003-09-15,3.4,43891.2,8.49,180.56,0.0,27.5,20.96,2473.32
2003-09-16,3.1,43891.2,4.98,272.0,0.0,26.5,16.0,1800.0
2003-09-17,2.7,43891.2,0.0,393.6,0.0,26.0,14.0,1600.0
2003-09-18,5.3,43545.6,16.09,208.29,0.0,25.0,17.5,2000.0
2003-09-19,8.7,43545.6,28.61,202.06,0.0,27.5,20.0,2320.0
2003-09-20,4.2,43200.0,0.0,376.03,0.0,28.92,17.0,1920.0
2003-09-21,3.8,43200.0,0.0,368.0,0.0,28.0,16.5,1880.0
2003-09-22,3.6,42854.4,0.0,321.4,0.0,27.0,17.59,2014.12
2003-09-23,5.0,42854.4,19.0,236.8,0.0,26.0,17.0,1920.0
2003-09-24,4.2,42508.8,0.0,409.6,0.0,25.0,11.5,1360.0
2003-09-25,3.7,42508.8,0.0,393.6,0.0,26.5,13.5,1560.0
2003-09-26,3.6,42508.8,0.0,361.6,0.0,27.5,16.0,1800.0
2003-09-27,4.0,42163.2,0.0,336.0,0.0,28.0,17.5,2000.0
2003-09-28,4.0,42163.2,5.0,240.0,0.0,26.0,16.5,1880.0
2003-09-29,3.6,41817.6,0.0,342.4,0.0,21.5,11.5,1360.0
2003-09-30,3.4,41817.6,0.0,393.6,0.0,19.5,7.0,1000.01
2003-10-01,3.3,41472.0,0.0,376.01,0.0,19.0,7.4,1031.76
2003-10-02,3.0,41472.0,0.0,361.6,0.0,18.0,7.0,1000.0
2003-10-03,2.9,41126.4,0.0,409.6,0.0,16.0,2.0,720.0
2003-10-04,3.0,41126.4,0.0,383.7,0.0,19.0,6.02,921.91
2003-10-05,2.8,40780.8,0.0,373.96,0.0,19.5,6.76,981.11
2003-10-06,2.8,40780.8,0.0,374.2,0.0,19.5,6.5,960.0
2003-10-07,2.8,40780.8,0.0,380.8,0.0,21.0,7.0,1000.0
2003-10-08,2.8,40435.2,0.0,376.66,0.0,24.0,9.5,1200.0
2003-10-09,2.8,40435.2,0.0,361.6,0.0,25.5,11.5,1360.0
2003-10-10,2.9,40089.6,0.0,337.13,0.0,24.5,12.0,1400.0
2003-10-11,2.9,40089.6,0.0,209.63,0.0,21.56,15.0,1720.0
2003-10-12,2.8,39744.0,2.0,270.29,0.0,22.5,13.5,1560.0
2003-10-13,2.7,39744.0,0.0,313.6,0.0,24.0,12.5,1440.0
2003-10-14,2.8,39744.0,0.0,348.8,0.0,23.0,9.0,1160.0
2003-10-15,3.4,39398.4,20.0,220.22,0.0,21.0,10.5,1280.0
2003-10-16,2.8,39398.4,0.0,333.29,0.0,19.97,7.0,1000.0
2003-10-17,2.7,39052.8,0.0,315.56,0.0,19.4,7.5,1040.0
2003-10-18,2.7,39052.8,0.0,281.18,0.0,17.0,7.0,1000.0
2003-10-19,2.7,38707.2,0.0,332.8,0.0,17.5,4.0,800.0
2003-10-20,2.6,38707.2,0.0,345.6,0.0,19.0,4.0,800.0
2003-10-21,2.6,38707.2,0.0,294.4,0.0,22.5,10.5,1280.0
2003-10-22,2.6,38361.6,0.0,286.8,0.0,22.25,10.5,1280.0
2003-10-23,2.6,38361.6,0.0,278.35,0.0,13.0,2.5,720.0
2003-10-24,2.5,38016.0,0.0,316.8,0.0,12.0,-1.0,560.0
2003-10-25,2.4,38016.0,0.0,345.6,0.0,16.5,0.0,600.0
2003-10-26,2.5,38016.0,0.0,146.32,0.0,20.5,15.0,1720.0
2003-10-27,3.2,37670.4,7.34,135.03,0.0,21.5,14.5,1640.0
2003-10-28,3.9,37670.4,22.0,201.6,0.0,18.5,7.5,1040.0
2003-10-29,10.0,37324.8,40.96,105.6,0.0,13.5,8.5,1120.0
2003-10-30,4.8,37324.8,2.27,283.22,0.0,17.02,3.5,800.0
2003-10-31,3.8,37324.8,0.0,313.6,0.0,21.0,5.5,920.0
2003-11-01,3.7,36979.2,0.0,313.55,0.0,24.0,7.5,1040.0
2003-11-02,3.6,36979.2,0.0,291.2,0.0,25.5,10.5,1280.0
2003-11-03,3.5,36633.6,0.0,284.8,0.0,26.5,11.5,1360.0
2003-11-04,3.4,36633.6,0.0,258.04,0.0,26.5,13.59,1567.25
2003-11-05,3.9,36633.6,0.0,220.8,0.0,27.0,16.5,1880.0
2003-11-06,35.0,36288.0,45.62,137.24,0.0,24.72,16.5,1880.0
2003-11-07,25.0,36288.0,18.0,112.0,0.0,18.0,12.0,1400.0
2003-11-08,8.1,36288.0,0.0,236.8,0.0,14.5,4.5,840.0
2003-11-09,6.7,35942.4,0.0,249.6,0.0,9.5,-1.0,560.0
2003-11-10,6.3,35942.4,0.0,293.23,0.0,10.5,-4.0,440.0
2003-11-11,6.1,35942.4,0.0,297.6,0.0,14.5,-1.5,560.0
2003-11-12,7.0,35596.8,7.95,131.2,0.0,16.0,8.5,1120.0
2003-11-13,8.1,35596.8,12.0,156.86,0.0,17.25,8.0,1080.0
2003-11-14,6.3,35596.8,0.0,192.0,0.0,10.5,2.5,720.0
2003-11-15,5.8,35251.2,0.0,181.15,0.0,11.5,4.0,800.0
2003-11-16,5.7,35251.2,0.0,222.46,0.0,13.38,3.5,800.0
2003-11-17,5.4,35251.2,0.0,233.6,0.0,16.0,5.0,880.0
2003-11-18,5.4,35228.09,0.0,233.6,0.0,15.5,4.5,840.0
2003-11-19,8.1,34905.6,19.36,147.2,0.0,19.5,10.5,1280.01
2003-11-20,25.0,34905.6,33.0,169.45,0.0,19.0,8.02,1081.91
2003-11-21,8.4,34905.6,0.0,259.2,0.0,18.0,4.0,800.0
2003-11-22,7.1,34560.0,0.0,262.4,0.0,19.5,4.5,840.0
2003-11-23,6.6,34560.0,0.0,253.04,0.0,18.0,4.19,815.35
2003-11-24,6.5,34560.0,0.0,251.11,0.0,18.5,4.76,861.11
2003-11-25,6.1,34560.0,3.23,201.6,0.0,17.0,0.5,640.0
2003-11-26,5.9,34214.4,0.0,221.1,0.0,9.52,-1.5,560.0
2003-11-27,5.7,34214.4,0.0,232.06,0.0,13.26,1.0,640.0
2003-11-28,6.0,34214.4,0.0,214.4,0.0,17.5,6.0,920.0
2003-11-29,6.8,34214.4,12.25,186.2,0.0,17.59,2.5,720.0
2003-11-30,5.8,34214.4,0.0,160.0,0.0,9.0,1.5,680.0
2003-12-01,5.6,33868.8,0.0,179.14,0.0,12.02,3.5,800.0
2003-12-02,5.2,33868.8,0.0,204.8,0.0,10.0,0.0,600.0
2003-12-03,5.1,33868.8,0.0,208.27,0.0,4.5,-5.5,400.0
2003-12-04,5.1,33868.8,0.0,221.12,0.0,4.5,-6.48,361.9
2003-12-05,13.0,33868.8,22.42,124.8,0.0,5.5,-2.0,520.01
2003-12-06,10.0,33868.8,17.66,124.8,0.0,5.0,-2.5,520.0
2003-12-07,7.7,33523.2,0.0,106.23,0.0,0.0,-4.5,440.0
2003-12-08,6.8,33523.2,0.0,150.4,0.0,2.0,-4.5,440.0
2003-12-09,6.5,33523.2,0.0,214.35,0.0,5.5,-5.0,440.0
2003-12-10,6.7,33523.2,0.0,231.03,0.0,10.5,-2.0,520.0
2003-12-11,28.0,33523.2,31.0,150.4,0.0,15.0,5.0,880.0
2003-12-12,11.0,33523.2,0.0,205.07,0.0,10.5,0.28,622.25
2003-12-13,8.1,33523.2,0.0,176.0,0.0,5.0,-3.0,480.0
2003-12-14,17.0,33523.2,21.0,138.04,0.0,7.57,-1.0,560.0
2003-12-15,16.0,33523.2,15.07,134.4,0.0,9.0,0.5,640.0
2003-12-16,9.3,33523.2,0.0,231.57,0.0,9.69,-3.0,480.0
2003-12-17,11.0,33523.2,8.0,173.09,0.0,13.07,0.02,601.91
2003-12-18,9.7,33523.2,6.0,128.52,0.0,7.54,-0.5,600.0
2003-12-19,7.9,33523.2,0.0,156.34,0.0,3.5,-3.48,480.0
2003-12-20,7.1,33523.2,0.0,148.28,0.0,3.5,-3.0,480.0
2003-12-21,6.6,33523.2,0.0,193.97,0.0,5.5,-3.5,480.0
2003-12-22,6.5,33523.2,0.0,219.48,0.0,10.0,-1.15,560.0
2003-12-23,6.3,33523.2,0.0,215.94,0.0,14.5,3.38,790.37
2003-12-24,20.0,33523.2,29.95,153.23,0.0,15.0,5.0,880.0
2003-12-25,11.0,33523.2,8.02,156.8,0.0,10.5,0.5,640.0
2003-12-26,8.3,33523.2,0.0,176.0,0.0,6.0,-1.5,560.0
2003-12-27,7.5,33523.2,0.0,195.2,0.0,8.0,-0.5,600.0
2003-12-28,6.9,33523.2,0.0,246.4,0.0,10.5,-3.0,480.0
2003-12-29,6.7,33523.2,0.0,256.0,0.0,13.5,-2.0,520.0
2003-12-30,6.5,33523.2,2.0,230.09,0.0,14.5,2.55,723.9
2003-12-31,6.2,33523.2,0.0,249.6,0.0,11.5,-2.5,520.0
2004-01-01,6.0,33523.2,0.0,243.4,0.0,10.97,-1.0,560.0
2004-01-02,6.0,33523.2,3.0,168.68,0.0,10.4,0.5,640.0
2004-01-03,5.9,33523.2,0.0,240.0,0.0,16.0,4.0,800.0
2004-01-04,5.8,33868.8,0.0,210.69,0.0,18.5,9.0,1160.0
2004-01-05,6.5,33868.8,12.18,161.85,0.0,14.99,5.59,920.0
2004-01-06,6.6,33868.8,7.98,155.42,0.0,7.89,-0.5,600.0
2004-01-07,5.7,33868.8,0.0,230.4,0.0,3.0,-6.5,360.0
2004-01-08,5.5,33868.8,0.0,185.8,0.0,0.34,-6.5,360.0
2004-01-09,5.4,33868.8,0.0,157.3,0.0,0.5,-5.03,438.0
2004-01-10,5.1,34191.29,0.0,249.6,0.0,-3.0,-13.5,200.0
2004-01-11,5.0,34214.4,0.0,249.96,0.0,-3.0,-13.5,200.0
2004-01-12,5.3,34214.4,0.0,252.8,0.0,7.5,-3.5,480.0
2004-01-13,5.3,34214.4,0.0,246.4,0.0,9.5,-1.0,560.0
2004-01-14,5.0,34214.4,0.0,265.6,0.0,5.5,-6.5,360.0
2004-01-15,4.9,34560.0,0.0,217.6,0.0,0.5,-7.5,360.0
2004-01-16,4.6,34560.0,0.0,224.14,0.0,-2.33,-10.5,280.0
2004-01-17,4.6,34560.0,0.0,237.59,0.0,1.0,-8.02,320.0
2004-01-18,6.7,34560.0,17.93,140.34,0.0,3.5,-2.98,481.9
2004-01-19,6.2,34905.6,9.0,152.57,0.0,2.09,-5.0,440.0
2004-01-20,5.0,34905.6,0.0,154.04,0.0,-1.0,-6.0,400.0
2004-01-21,4.7,34905.6,0.0,217.6,0.0,-1.0,-8.5,320.0
2004-01-22,4.7,34905.6,0.0,294.55,0.0,5.02,-8.5,320.0
2004-01-23,4.5,35251.2,0.0,284.42,0.0,2.88,-9.0,320.0
2004-01-24,4.4,35251.2,5.69,123.91,0.0,-4.98,-9.5,280.0
2004-01-25,4.2,35251.2,0.0,235.85,0.0,-5.5,-12.38,240.0
2004-01-26,4.5,35596.8,19.8,183.39,0.0,-3.0,-10.0,280.0
2004-01-27,4.8,35596.8,4.0,154.79,0.0,1.21,-4.48,440.0
2004-01-28,4.8,35596.8,6.0,163.2,0.0,1.0,-5.0,440.0
2004-01-29,4.5,35919.29,0.0,307.59,0.0,1.52,-8.12,320.0
2004-01-30,4.4,35942.4,0.0,262.87,0.0,0.5,-6.91,360.0
2004-01-31,4.2,35942.4,0.0,284.49,0.0,-2.5,-10.5,280.0
2004-02-01,4.0,36264.89,0.0,322.08,0.0,0.0,-9.79,280.0
2004-02-02,4.0,36288.0,0.0,367.85,0.0,3.5,-10.0,280.0
2004-02-03,17.0,36288.0,13.0,268.65,0.0,7.5,-5.0,440.0
2004-02-04,10.0,36633.6,0.0,284.63,0.0,7.0,-1.0,560.0
2004-02-05,5.9,36633.6,0.0,300.8,0.0,4.5,-4.0,440.0
2004-02-06,14.0,36633.6,13.13,235.12,0.0,8.12,-1.0,560.0
2004-02-07,27.0,36979.2,24.0,206.17,0.0,9.0,1.5,680.0
2004-02-08,8.2,36979.2,0.0,316.65,0.0,5.0,-4.0,440.0
2004-02-09,6.5,36979.2,0.0,361.45,0.0,6.5,-5.0,440.0
2004-02-10,6.3,37324.8,0.0,321.85,0.0,9.76,0.5,640.0
2004-02-11,5.9,37324.8,0.0,310.4,0.0,8.0,-0.5,600.0
2004-02-12,5.6,37670.4,0.0,316.8,0.0,6.0,-2.5,520.0
2004-02-13,5.4,37670.4,0.0,331.45,0.0,7.5,-1.5,560.0
2004-02-14,5.4,37670.4,0.0,378.97,0.0,9.5,-2.5,520.0
2004-02-15,5.1,38016.0,0.0,360.01,0.0,7.48,-3.0,480.0
2004-02-16,4.7,38016.0,0.0,350.18,0.0,1.5,-8.0,320.0
2004-02-17,4.7,38361.6,0.0,385.22,0.0,3.0,-8.5,320.0
2004-02-18,4.8,38361.6,2.76,262.78,0.0,6.0,-2.5,520.0
2004-02-19,4.7,38361.6,0.0,382.21,0.0,11.0,-1.5,560.0
2004-02-20,4.6,38707.2,0.0,363.48,0.0,12.29,-1.0,560.0
2004-02-21,4.6,38707.2,0.0,275.2,0.0,13.0,5.0,880.0
2004-02-22,4.4,39052.8,0.0,316.8,0.0,11.0,1.5,680.0
2004-02-23,4.4,39052.8,0.0,348.8,0.0,8.5,-2.5,520.0
2004-02-24,4.4,39052.8,0.0,320.0,0.0,9.0,-0.5,600.0
2004-02-25,4.2,39398.4,0.0,333.53,0.0,7.0,-3.0,480.0
2004-02-26,4.1,39398.4,0.0,326.35,0.0,6.0,-3.5,480.0
2004-02-27,4.1,39744.0,0.0,323.2,0.0,7.5,-2.0,520.0
2004-02-28,4.1,39744.0,0.0,409.7,0.0,12.02,-4.0,440.0
2004-02-29,4.1,40089.6,0.0,419.2,0.0,17.0,-2.0,520.0
2004-03-01,4.1,40089.6,0.0,416.0,0.0,17.5,-0.5,600.0
2004-03-02,4.2,40412.09,2.74,284.5,0.0,19.0,7.0,1000.0
2004-03-03,4.0,40435.2,0.0,373.15,0.0,18.8,5.5,920.0
2004-03-04,4.1,40435.2,3.0,240.0,0.0,17.0,7.0,1000.0
2004-03-05,4.1,40780.8,0.0,375.81,0.0,19.76,6.5,960.0
2004-03-06,5.3,40780.8,10.9,249.6,0.0,22.0,11.0,1320.0
2004-03-07,4.7,41126.4,7.0,276.5,0.0,16.74,4.5,840.0
2004-03-08,4.6,41126.4,5.0,204.41,0.0,11.67,4.0,800.0
2004-03-09,4.3,41472.0,0.0,315.06,0.0,9.0,0.0,600.0
2004-03-10,4.1,41472.0,1.0,290.59,0.0,7.67,-0.25,600.0
2004-03-11,4.1,41472.0,0.0,344.37,0.0,11.0,1.0,640.0
2004-03-12,4.0,41817.6,0.0,332.8,0.0,11.5,2.0,720.0
2004-03-13,3.9,41817.6,0.0,351.18,0.0,8.35,-1.7,543.64
2004-03-14,3.9,42163.2,0.0,410.17,0.0,9.5,-3.5,480.0
2004-03-15,3.9,42163.2,0.0,386.49,0.0,15.5,3.5,800.0
2004-03-16,4.6,42508.8,12.0,271.29,0.0,13.0,2.5,720.0
2004-03-17,4.6,42508.8,5.95,98.99,0.0,4.12,1.0,640.0
2004-03-18,4.2,42854.4,2.0,311.72,0.0,7.5,-0.5,600.0
2004-03-19,4.9,42854.4,9.91,226.13,0.0,8.12,0.5,640.0
2004-03-20,4.4,43200.0,0.0,431.85,0.0,10.0,-3.0,480.0
2004-03-21,4.4,43200.0,1.0,355.79,0.0,13.5,4.0,800.0
2004-03-22,4.1,43200.0,0.0,411.28,0.0,8.5,-3.0,480.0
2004-03-23,4.0,43545.6,0.0,449.63,0.0,7.07,-6.5,360.0
2004-03-24,3.9,43545.6,0.0,461.16,0.0,14.0,-1.0,560.0
2004-03-25,4.0,43891.2,0.49,431.14,0.0,19.0,5.5,920.0
2004-03-26,3.9,43891.2,0.0,396.2,0.0,22.0,10.0,1240.0
2004-03-27,4.0,44236.8,0.0,324.88,0.0,21.5,12.5,1440.0
2004-03-28,4.0,44236.8,0.0,389.54,0.0,17.5,6.5,960.0
2004-03-29,3.9,44582.41,0.0,320.11,0.0,11.43,3.5,800.0
2004-03-30,3.7,44582.41,0.0,282.19,0.0,9.0,2.5,720.0
2004-03-31,4.0,44928.0,6.0,140.8,0.0,8.5,4.5,840.0
2004-04-01,5.0,44928.0,12.91,175.4,0.0,11.5,6.5,960.0
2004-04-02,4.4,44928.0,7.0,164.81,0.0,10.0,5.5,920.0
2004-04-03,4.1,45273.6,1.0,246.12,0.0,10.5,5.5,920.0
2004-04-04,4.1,45273.6,4.0,220.19,0.0,9.9,4.0,800.0
2004-04-05,3.8,45619.2,0.0,383.14,0.0,8.0,0.0,600.0
2004-04-06,3.7,45619.2,0.0,472.85,0.0,12.0,0.5,640.0
2004-04-07,3.7,45964.8,0.0,512.0,0.0,20.5,4.5,840.0
2004-04-08,3.7,45964.8,0.0,505.6,0.0,19.5,4.5,840.0
2004-04-09,3.6,45987.9,2.0,436.78,0.0,16.0,5.5,920.0
2004-04-10,3.5,46310.4,0.0,492.8,0.0,17.0,3.5,800.0
2004-04-11,3.8,46310.4,7.0,297.57,0.0,13.85,5.0,880.0
2004-04-12,7.0,46656.0,14.0,121.32,0.0,8.5,5.5,920.0
2004-04-13,20.0,46656.0,50.39,318.92,0.0,15.05,5.55,920.0
2004-04-14,15.0,47001.6,14.09,294.97,0.0,16.5,8.0,1080.0
2004-04-15,11.0,47001.6,13.0,312.85,0.0,15.0,6.0,920.0
2004-04-16,7.6,47347.19,0.0,508.8,0.0,16.5,3.0,760.0
2004-04-17,6.7,47347.19,0.0,529.88,0.0,22.79,6.0,920.0
2004-04-18,6.3,47347.19,0.0,501.08,0.0,27.79,12.0,1400.0
2004-04-19,5.9,47692.8,0.0,478.41,0.0,29.0,14.5,1640.0
2004-04-20,5.6,47692.8,0.0,458.92,0.0,27.5,14.5,1640.0
2004-04-21,5.4,48038.39,2.0,425.6,0.0,22.0,11.5,1360.0
2004-04-22,5.3,48038.39,0.0,447.54,0.0,25.29,13.49,1558.19
2004-04-23,5.0,48038.39,0.0,472.16,0.0,28.0,14.5,1640.0
2004-04-24,4.9,48384.0,4.0,390.33,0.0,25.49,9.5,1200.0
2004-04-25,4.7,48384.0,0.0,469.29,0.0,20.0,8.17,1093.46
2004-04-26,5.6,48729.6,0.0,435.52,0.0,22.81,12.0,1400.0
2004-04-27,6.6,48729.6,16.0,326.4,0.0,20.5,10.0,1240.0
2004-04-28,5.3,48729.6,1.0,499.2,0.0,17.5,4.5,840.0
2004-04-29,4.9,49075.19,0.0,511.85,0.0,21.5,7.0,1000.0
2004-04-30,4.7,49075.19,0.0,451.2,0.0,24.0,12.0,1400.0
2004-05-01,4.5,49420.8,0.0,452.78,0.0,25.5,13.0,1480.0
2004-05-02,4.5,49420.8,0.0,394.55,0.0,26.5,16.0,1800.0
2004-05-03,4.9,49420.8,10.45,368.0,0.0,24.0,9.5,1200.0
2004-05-04,4.7,49766.39,6.0,281.6,0.0,14.5,5.5,920.0
2004-05-05,4.3,49766.39,0.0,486.4,0.0,21.0,7.0,1000.0
2004-05-06,4.0,49766.39,3.0,355.2,0.0,22.5,9.0,1160.0
2004-05-07,3.9,50112.0,0.0,499.05,0.0,27.99,12.0,1400.0
2004-05-08,3.8,50112.0,6.48,372.82,0.0,26.52,11.0,1320.0
2004-05-09,3.7,50135.1,0.0,496.0,0.0,24.0,9.0,1160.0
2004-05-10,4.9,50457.6,14.0,337.58,0.0,28.5,15.0,1720.0
2004-05-11,3.9,50457.6,0.0,403.91,0.0,30.5,18.52,2123.81
2004-05-12,3.6,50480.71,0.0,400.0,0.0,30.5,18.5,2120.0
2004-05-13,3.5,50803.2,0.0,374.4,0.0,30.0,19.0,2200.0
2004-05-14,3.4,50803.2,0.0,374.4,0.0,30.0,19.0,2200.0
2004-05-15,3.5,50803.2,0.0,371.2,0.0,30.5,19.5,2280.0
2004-05-16,3.4,51148.8,0.0,408.25,0.0,29.76,17.5,2000.0
2004-05-17,3.7,51148.8,0.0,398.01,0.0,28.5,17.0,1920.0
2004-05-18,3.5,51148.8,0.0,371.2,0.0,29.0,18.5,2120.0
2004-05-19,3.3,51494.39,0.0,316.8,0.0,28.0,19.5,2280.0
2004-05-20,3.2,51494.39,0.0,345.98,0.0,24.5,15.59,1767.06
2004-05-21,3.2,51494.39,0.0,374.4,0.0,26.5,16.5,1880.0
2004-05-22,3.0,51494.39,0.0,416.0,0.0,30.0,18.0,2080.0
2004-05-23,2.9,51840.0,0.0,400.66,0.0,33.0,21.0,2480.0
2004-05-24,2.6,51840.0,0.0,364.8,0.0,33.0,22.5,2720.0
2004-05-25,2.7,51840.0,0.0,387.2,0.0,31.5,20.5,2400.0
2004-05-26,3.1,51840.0,15.8,289.31,0.0,29.0,18.5,2120.0
2004-05-27,2.8,52185.61,3.0,261.06,0.0,26.43,17.5,2000.0
2004-05-28,3.5,52185.61,8.0,249.6,0.0,27.5,19.0,2200.0
2004-05-29,2.8,52185.61,0.0,422.4,0.0,25.5,14.5,1640.0
2004-05-30,2.6,52185.61,0.0,487.48,0.0,23.48,10.09,1247.06
2004-05-31,2.7,52208.71,6.9,178.91,0.0,22.49,17.0,1920.0
2004-06-01,2.7,52531.2,2.0,397.15,0.0,25.5,15.5,1760.0
2004-06-02,2.6,52531.2,0.0,486.69,0.0,28.0,14.0,1600.0
2004-06-03,2.7,52531.2,0.0,455.5,0.0,27.55,15.02,1721.91
2004-06-04,2.6,52531.2,0.0,418.24,0.0,24.5,14.0,1600.0
2004-06-05,3.3,52531.2,12.0,156.65,0.0,20.5,16.0,1800.0
2004-06-06,3.0,52531.2,4.57,160.0,0.0,20.0,15.5,1760.0
2004-06-07,2.8,52876.8,0.0,427.78,0.0,24.5,14.3,1623.69
2004-06-08,2.6,52876.8,0.0,499.75,0.0,28.5,14.5,1640.0
2004-06-09,2.5,52876.8,0.0,464.0,0.0,32.0,19.0,2200.0
2004-06-10,2.6,52876.8,0.0,422.32,0.0,32.97,21.48,2556.46
2004-06-11,2.7,52876.8,13.91,355.2,0.0,28.0,15.5,1760.0
2004-06-12,2.6,52876.8,13.82,344.25,0.0,23.0,11.9,1392.27
2004-06-13,2.3,52876.8,0.0,467.77,0.0,23.5,12.0,1400.0
2004-06-14,2.3,52876.8,0.0,396.8,0.0,27.5,18.0,2080.0
2004-06-15,2.2,52876.8,0.0,320.0,0.0,29.5,22.0,2640.0
2004-06-16,2.3,52876.8,0.0,319.99,0.0,30.0,22.5,2720.0
2004-06-17,2.4,52876.8,12.13,252.39,0.0,31.0,22.96,2793.02
2004-06-18,2.3,52876.8,6.91,304.0,0.0,32.5,22.0,2640.0
2004-06-19,2.2,52876.8,0.0,352.0,0.0,31.0,22.5,2720.0
2004-06-20,2.1,52876.8,0.0,490.29,0.0,27.5,14.5,1640.0
2004-06-21,2.1,52876.8,0.0,515.2,0.0,26.0,12.0,1400.0
2004-06-22,2.0,52876.8,0.0,447.13,0.0,29.5,18.0,2080.0
2004-06-23,2.0,52876.8,6.0,259.49,0.0,28.5,20.49,2398.19
2004-06-24,2.0,52876.8,0.0,423.04,0.0,28.5,18.14,2090.9
2004-06-25,1.9,52876.8,0.0,426.62,0.0,29.72,19.0,2200.0
2004-06-26,1.9,52876.8,10.0,316.8,0.0,29.0,18.5,2120.0
2004-06-27,1.8,52876.8,0.0,512.0,0.0,28.0,13.5,1560.0
2004-06-28,1.7,52876.8,0.0,454.4,0.0,27.0,15.5,1760.0
2004-06-29,1.6,52876.8,0.0,429.26,0.0,27.0,16.5,1880.0
2004-06-30,1.6,52876.8,0.0,480.0,0.0,28.5,15.5,1760.0
2004-07-01,1.5,52876.8,0.0,459.46,0.0,30.0,17.52,2003.81
2004-07-02,1.5,52876.8,0.0,422.42,0.0,31.17,20.0,2320.0
2004-07-03,1.5,52876.8,0.0,432.0,0.0,31.0,19.5,2280.0
2004-07-04,1.5,52876.8,0.0,425.92,0.0,29.5,18.5,2120.0
2004-07-05,1.4,52531.2,0.0,389.17,0.0,33.0,22.5,2720.0
2004-07-06,1.4,52531.2,0.0,387.2,0.0,32.5,22.0,2640.0
2004-07-07,1.3,52531.2,0.0,451.2,0.0,32.0,19.0,2200.0
2004-07-08,1.3,52531.2,1.31,438.4,0.0,32.5,20.0,2320.0
2004-07-09,1.2,52531.2,0.0,444.8,0.0,31.5,19.0,2200.0
2004-07-10,1.2,52531.2,0.0,469.46,0.0,30.5,17.05,1927.79
2004-07-11,1.2,52185.61,0.0,432.0,0.0,31.5,19.5,2280.0
2004-07-12,2.8,52185.61,42.46,268.86,0.0,30.0,20.87,2459.63
2004-07-13,3.3,52185.61,42.51,207.83,0.0,27.5,21.0,2480.0
2004-07-14,1.9,52185.61,8.0,284.63,0.0,29.0,19.5,2280.0
2004-07-15,1.7,52185.61,6.02,320.0,0.0,30.0,18.5,2120.0
2004-07-16,1.5,51840.0,0.0,425.53,0.0,29.41,18.0,2080.0
2004-07-17,1.5,51840.0,0.0,419.2,0.0,30.5,19.0,2200.0
2004-07-18,1.8,51840.0,23.92,267.2,0.0,28.5,19.5,2280.0
2004-07-19,1.7,51840.0,9.82,230.4,0.0,27.5,20.0,2320.0
2004-07-20,1.5,51494.39,0.0,383.85,0.0,30.0,20.0,2320.0
2004-07-21,1.5,51494.39,0.0,432.15,0.0,31.0,19.0,2200.0
2004-07-22,1.4,51494.39,0.0,416.94,0.0,31.5,20.0,2320.0
2004-07-23,1.4,51171.91,0.0,299.36,0.0,30.0,22.5,2720.0
2004-07-24,1.3,51148.8,6.4,223.92,0.0,28.0,21.0,2480.0
2004-07-25,1.4,51148.8,4.0,115.02,0.0,23.79,20.5,2400.0
2004-07-26,1.4,51148.8,1.0,267.73,0.0,25.5,19.5,2280.0
2004-07-27,1.4,50803.2,0.0,361.26,0.0,29.86,21.0,2480.0
2004-07-28,1.7,50803.2,15.0,251.73,0.0,29.5,21.5,2560.0
2004-07-29,1.4,50803.2,7.91,333.99,0.0,28.5,19.5,2280.0
2004-07-30,1.3,50457.6,0.0,391.87,0.0,31.5,21.5,2560.0
2004-07-31,1.2,50457.6,0.0,332.26,0.0,31.5,23.42,2867.42
2004-08-01,2.9,50457.6,17.1,228.67,0.0,29.5,22.5,2720.0
2004-08-02,1.9,50112.0,11.73,233.6,0.0,28.5,21.5,2560.0
2004-08-03,1.7,50112.0,8.39,208.0,0.0,28.0,22.0,2640.0
2004-08-04,1.7,50112.0,0.0,418.69,0.0,31.0,20.5,2400.0
2004-08-05,1.8,49766.39,10.0,316.8,0.0,30.0,19.5,2280.0
2004-08-06,1.6,49766.39,0.0,377.6,0.0,23.5,15.5,1760.0
2004-08-07,1.5,49766.39,0.0,472.8,0.0,23.5,12.3,1423.64
2004-08-08,1.4,49420.8,0.0,505.6,0.0,26.0,12.5,1440.0
2004-08-09,1.3,49420.8,0.0,489.96,0.0,29.0,15.5,1760.0
2004-08-10,1.3,49075.19,0.0,457.6,0.0,30.0,18.0,2080.0
2004-08-11,1.2,49075.19,0.0,400.77,0.0,30.37,20.5,2400.0
2004-08-12,1.3,49075.19,0.0,371.88,0.0,30.0,21.09,2494.5
2004-08-13,1.2,48729.6,8.03,205.61,0.0,28.0,22.0,2640.0
2004-08-14,1.5,48729.6,10.91,230.93,0.0,25.5,19.01,2201.37
2004-08-15,1.8,48384.0,26.19,233.81,0.0,25.0,18.59,2134.96
2004-08-16,3.0,48384.0,23.96,275.63,0.0,26.5,18.5,2120.0
2004-08-17,1.8,48384.0,0.0,432.96,0.0,28.0,17.5,2000.0
2004-08-18,1.7,48038.39,0.0,384.43,0.0,29.0,20.0,2320.0
2004-08-19,1.6,48038.39,0.0,361.6,0.0,30.5,22.0,2640.0
2004-08-20,1.5,47692.8,0.0,380.0,0.0,32.5,23.0,2800.0
2004-08-21,1.5,47692.8,0.0,377.84,0.0,31.15,22.0,2640.0
2004-08-22,1.4,47692.8,6.0,358.54,0.0,28.0,14.98,1716.46
2004-08-23,1.3,47347.19,0.0,485.65,0.0,27.93,14.0,1600.0
2004-08-24,1.3,47347.19,0.0,451.63,0.0,29.0,16.5,1880.0
2004-08-25,1.3,47001.6,0.0,355.2,0.0,27.5,19.0,2200.0
2004-08-26,1.3,47001.6,0.0,395.13,0.0,28.0,18.0,2080.0
2004-08-27,1.3,46656.0,0.0,397.23,0.0,29.5,19.0,2200.0
2004-08-28,1.2,46656.0,0.0,400.0,0.0,31.0,20.0,2320.0
2004-08-29,1.2,46656.0,0.0,419.2,0.0,31.0,19.0,2200.0
2004-08-30,1.7,46310.4,21.08,259.37,0.0,30.0,21.0,2480.0
2004-08-31,1.8,46310.4,25.33,218.62,0.0,28.72,21.5,2560.0
2004-09-01,1.4,45964.8,0.0,422.57,0.0,28.5,16.5,1880.0
2004-09-02,1.3,45964.8,0.0,409.6,0.0,28.0,16.5,1880.0
2004-09-03,1.3,45619.2,0.0,396.8,0.0,28.0,17.0,1920.0
2004-09-04,1.3,45619.2,0.0,368.88,0.0,27.5,17.59,2014.5
2004-09-05,1.2,45619.2,0.0,361.77,0.0,26.0,16.5,1880.0
2004-09-06,1.2,45273.6,0.0,317.23,0.0,25.5,17.5,2000.0
2004-09-07,1.2,45273.6,0.0,342.83,0.0,27.5,18.5,2120.0
2004-09-08,1.2,44928.0,0.0,259.63,0.0,28.0,21.5,2560.0
2004-09-09,1.2,44928.0,2.0,239.65,0.0,28.42,22.5,2720.0
2004-09-10,1.1,44582.41,0.0,399.84,0.0,28.5,17.09,1934.96
2004-09-11,1.1,44582.41,0.0,371.37,0.0,27.0,17.0,1920.0
2004-09-12,1.1,44236.8,0.0,413.23,0.0,26.0,14.0,1600.0
2004-09-13,1.0,44236.8,0.0,419.2,0.0,28.0,15.0,1720.0
2004-09-14,0.95,43891.2,0.0,368.0,0.0,27.0,16.5,1880.0
2004-09-15,1.1,43891.2,14.0,166.4,0.0,23.5,18.0,2080.0
2004-09-16,1.1,43891.2,0.0,272.0,0.0,25.5,18.5,2120.0
2004-09-17,1.0,43545.6,0.0,265.6,0.0,27.0,20.0,2320.0
2004-09-18,1.2,43545.6,12.05,246.4,0.0,26.5,17.5,2000.0
2004-09-19,1.1,43200.0,5.26,277.87,0.0,21.0,11.0,1320.0
2004-09-20,0.97,43200.0,0.0,391.37,0.0,21.16,10.0,1240.0
2004-09-21,0.92,42854.4,0.0,444.8,0.0,25.5,9.5,1200.0
2004-09-22,0.89,42854.4,0.0,441.53,0.0,28.5,11.5,1360.0
2004-09-23,0.87,42508.8,0.0,412.8,0.0,29.5,14.5,1640.0
2004-09-24,0.86,42508.8,0.0,387.2,0.0,27.5,14.5,1640.0
2004-09-25,0.87,42508.8,0.0,400.0,0.0,25.0,11.5,1360.0
2004-09-26,0.84,42163.2,0.0,377.6,0.0,25.5,13.0,1480.0
2004-09-27,0.85,42163.2,0.0,348.8,0.0,25.0,14.0,1600.0
2004-09-28,1.4,41817.6,13.58,191.53,0.0,26.5,19.0,2200.03
2004-09-29,1.4,41817.6,23.76,182.4,0.0,24.5,17.5,2000.0
2004-09-30,1.1,41472.0,6.0,185.6,0.0,23.0,16.0,1800.0
2004-10-01,1.0,41472.0,0.0,387.2,0.0,24.0,10.5,1280.0
2004-10-02,1.1,41126.4,9.1,224.0,0.0,23.5,14.5,1640.0
2004-10-03,1.1,41126.4,0.0,277.82,0.0,21.5,13.5,1560.0
2004-10-04,0.98,40780.8,0.0,352.0,0.0,22.5,11.0,1320.0
2004-10-05,0.88,40780.8,0.0,343.04,0.0,21.5,10.47,1277.33
2004-10-06,0.86,40780.8,0.0,399.22,0.0,18.88,4.0,800.0
2004-10-07,0.85,40435.2,0.0,403.2,0.0,23.0,6.0,920.0
2004-10-08,0.86,40435.2,0.0,396.51,0.0,25.45,8.0,1080.0
2004-10-09,0.87,40089.6,0.0,358.4,0.0,24.0,10.0,1240.0
2004-10-10,0.84,40089.6,0.0,288.0,0.0,22.5,12.5,1440.0
2004-10-11,0.81,39744.0,0.0,329.6,0.0,20.0,8.0,1080.0
2004-10-12,0.85,39744.0,0.0,355.09,0.0,17.49,4.0,800.0
2004-10-13,0.84,39744.0,0.0,352.0,0.0,17.5,4.0,800.0
2004-10-14,0.92,39398.4,3.0,173.06,0.0,17.5,9.97,1238.0
2004-10-15,0.99,39398.4,4.0,146.78,0.0,18.48,12.0,1400.0
2004-10-16,0.97,39052.8,7.0,217.6,0.0,18.5,8.0,1080.0
2004-10-17,0.88,39052.8,2.0,329.6,0.0,17.0,4.0,800.0
2004-10-18,0.85,38707.2,0.0,364.59,0.0,18.0,1.5,680.0
2004-10-19,1.1,38707.2,7.0,119.34,0.0,18.52,12.97,1478.0
2004-10-20,2.3,38707.2,15.98,80.0,0.0,16.0,12.5,1440.0
2004-10-21,1.3,38361.6,2.0,83.2,0.0,13.5,11.0,1320.0
2004-10-22,1.1,38361.6,1.0,145.61,0.0,14.5,9.88,1230.14
2004-10-23,1.1,38016.0,0.0,242.51,0.0,14.57,6.5,960.0
2004-10-24,1.1,38016.0,0.0,206.43,0.0,13.5,6.94,994.89
2004-10-25,1.1,38016.0,0.0,230.4,0.0,14.5,7.0,1000.0
2004-10-26,1.0,37670.4,0.0,262.4,0.0,16.5,7.5,1040.0
2004-10-27,1.0,37670.4,0.0,294.4,0.0,17.5,6.5,960.0
2004-10-28,0.99,37324.8,0.0,298.24,0.0,17.96,6.41,952.61
2004-10-29,1.0,37324.8,0.0,262.4,0.0,16.5,7.0,1000.0
2004-10-30,0.98,37324.8,0.0,175.69,0.0,18.5,12.5,1440.0
2004-10-31,0.9,36979.2,0.0,233.6,0.0,24.0,15.0,1720.0
2004-11-01,0.91,36979.2,0.0,291.04,0.0,22.5,10.0,1240.0
2004-11-02,0.84,36633.6,0.0,275.2,0.0,21.0,9.5,1200.0
2004-11-03,0.84,36633.6,0.0,249.81,0.0,21.0,11.0,1320.0
2004-11-04,1.4,36633.6,26.0,189.12,0.0,15.0,5.47,918.0
2004-11-05,1.5,36288.0,14.38,175.23,0.0,14.5,6.02,921.89
2004-11-06,1.1,36288.0,0.0,299.85,0.0,15.71,2.5,720.0
2004-11-07,1.1,36288.0,0.0,310.4,0.0,20.0,4.5,840.0
2004-11-08,1.1,35942.4,0.0,283.91,0.0,17.5,5.2,895.68
2004-11-09,1.0,35942.4,0.0,262.09,0.0,9.5,-0.5,600.0
2004-11-10,1.0,35942.4,0.0,284.8,0.0,9.5,-2.5,520.0
2004-11-11,1.1,35596.8,0.0,284.64,0.0,14.0,1.5,680.0
2004-11-12,2.5,35596.8,20.0,169.3,0.0,12.5,4.02,801.9
2004-11-13,4.5,35596.8,30.0,147.2,0.0,9.5,2.5,720.0
2004-11-14,1.9,35251.2,0.0,259.06,0.0,9.5,-1.0,560.0
2004-11-15,1.7,35251.2,0.0,284.86,0.0,12.65,-0.86,570.9
2004-11-16,1.6,35251.2,0.0,290.72,0.0,15.5,0.5,640.0
2004-11-17,1.6,35228.09,0.0,290.92,0.0,15.75,0.13,610.39
2004-11-18,1.6,34905.6,0.0,268.16,0.0,16.0,3.0,760.0
2004-11-19,1.6,34905.6,0.0,217.3,0.0,16.0,6.52,961.9
2004-11-20,1.6,34905.6,1.16,178.61,0.0,16.5,9.0,1160.0
2004-11-21,1.6,34560.0,2.0,124.51,0.0,15.0,10.0,1240.0
2004-11-22,1.7,34560.0,0.57,151.09,0.0,13.5,7.0,1000.0
2004-11-23,1.8,34560.0,4.0,57.6,0.0,13.0,10.0,1240.0
2004-11-24,1.8,34560.0,2.0,105.49,0.0,15.5,11.25,1340.35
2004-11-25,2.2,34214.4,2.8,180.73,0.0,19.5,8.5,1120.0
2004-11-26,1.9,34214.4,2.0,249.6,0.0,12.0,-0.5,600.0
2004-11-27,1.8,34214.4,0.0,249.46,0.0,11.5,-1.0,560.0
2004-11-28,4.8,34214.4,28.95,141.62,0.0,15.5,7.0,1000.0
2004-11-29,2.7,34214.4,0.0,220.8,0.0,13.0,2.5,720.0
2004-11-30,2.3,33868.8,0.0,220.8,0.0,11.0,0.5,640.0
2004-12-01,2.5,33868.8,7.0,156.8,0.0,15.0,5.0,880.0
2004-12-02,2.4,33868.8,0.0,240.0,0.0,12.5,0.0,600.0
2004-12-03,2.3,33868.8,0.0,230.19,0.0,11.0,-0.5,600.0
2004-12-04,2.2,33868.8,0.0,250.93,0.0,9.5,-4.5,440.0
2004-12-05,2.2,33868.8,0.0,233.6,0.0,13.0,0.5,640.0
2004-12-06,2.2,33523.2,0.0,217.46,0.0,12.5,1.5,680.0
2004-12-07,2.5,33523.2,9.0,124.44,0.0,15.22,7.5,1040.0
2004-12-08,2.5,33523.2,0.0,198.4,0.0,18.0,8.0,1080.0
2004-12-09,2.5,33523.2,5.17,173.87,0.0,13.5,2.5,720.0
2004-12-10,4.1,33523.2,18.49,108.8,0.0,15.0,8.5,1120.0
2004-12-11,3.4,33523.2,3.92,118.4,0.0,14.5,7.5,1040.0
2004-12-12,3.3,33523.2,4.08,114.68,0.0,9.5,3.0,760.0
2004-12-13,2.9,33523.2,2.0,131.2,0.0,9.5,4.0,800.0
2004-12-14,2.7,33523.2,0.0,173.16,0.0,7.0,-0.5,600.0
2004-12-15,2.6,33523.2,0.0,187.7,0.0,3.5,-4.5,440.0
2004-12-16,2.7,33523.2,0.0,249.6,0.0,6.5,-7.0,360.0
2004-12-17,2.7,33523.2,0.0,230.4,0.0,9.5,-2.0,520.0
2004-12-18,2.6,33523.2,0.0,249.6,0.0,10.0,-4.0,440.0
2004-12-19,2.6,33523.2,0.0,238.69,0.0,8.82,-3.5,480.0
2004-12-20,2.5,33523.2,4.0,217.6,0.0,4.0,-11.5,240.0
2004-12-21,2.4,33523.2,0.0,283.06,0.0,5.0,-9.76,280.0
2004-12-22,2.4,33523.2,0.0,278.4,0.0,12.5,-3.0,480.01
2004-12-23,3.7,33523.2,4.98,166.4,0.0,16.5,4.0,800.0
2004-12-24,4.0,33523.2,14.0,178.99,0.0,12.97,-1.5,560.0
2004-12-25,3.0,33523.2,0.0,144.0,0.0,1.0,-5.5,400.0
2004-12-26,2.8,33523.2,0.0,137.14,0.0,0.5,-5.48,401.9
2004-12-27,2.6,33523.2,0.0,131.2,0.0,0.0,-5.5,400.0
2004-12-28,2.6,33523.2,0.0,226.92,0.0,0.98,-10.5,280.0
2004-12-29,2.7,33523.2,0.0,227.2,0.0,8.5,-3.5,480.0
2004-12-30,2.6,33523.2,0.0,228.61,0.0,10.22,-2.0,520.0
2004-12-31,2.6,33523.2,0.0,227.9,0.0,9.36,-2.75,500.0
